Hands_Relative_Loc_X,Hands_Relative_Loc_Y,Hands_Relative_Loc_Z,R_WristRoot_Vel_X,R_WristRoot_Vel_Y,R_WristRoot_Vel_Z,L_WristRoot_Vel_X,L_WristRoot_Vel_Y,L_WristRoot_Vel_Z,R_WristRoot_Rot_Ptich,R_WristRoot_Rot_Yaw,R_WristRoot_Rot_Roll,L_WristRoot_Rot_Ptich,L_WristRoot_Rot_Yaw,L_WristRoot_Rot_Roll,R_Thumb0_Relative_Rot_Pitch,R_Thumb0_Relative_Rot_Yaw,R_Thumb0_Relative_Rot_Roll,L_Thumb0_Relative_Rot_Pitch,L_Thumb0_Relative_Rot_Yaw,L_Thumb0_Relative_Rot_Roll,R_Thumb1_Relative_Rot_Pitch,R_Thumb1_Relative_Rot_Yaw,R_Thumb1_Relative_Rot_Roll,L_Thumb1_Relative_Rot_Pitch,L_Thumb1_Relative_Rot_Yaw,L_Thumb1_Relative_Rot_Roll,R_Thumb2_Relative_Rot_Pitch,R_Thumb2_Relative_Rot_Yaw,R_Thumb2_Relative_Rot_Roll,L_Thumb2_Relative_Rot_Pitch,L_Thumb2_Relative_Rot_Yaw,L_Thumb2_Relative_Rot_Roll,R_Thumb3_Relative_Rot_Pitch,R_Thumb3_Relative_Rot_Yaw,R_Thumb3_Relative_Rot_Roll,L_Thumb3_Relative_Rot_Pitch,L_Thumb3_Relative_Rot_Yaw,L_Thumb3_Relative_Rot_Roll,R_Index1_Relative_Rot_Pitch,R_Index1_Relative_Rot_Yaw,R_Index1_Relative_Rot_Roll,L_Index1_Relative_Rot_Pitch,L_Index1_Relative_Rot_Yaw,L_Index1_Relative_Rot_Roll,R_Index2_Relative_Rot_Pitch,R_Index2_Relative_Rot_Yaw,R_Index2_Relative_Rot_Roll,L_Index2_Relative_Rot_Pitch,L_Index2_Relative_Rot_Yaw,L_Index2_Relative_Rot_Roll,R_Index3_Relative_Rot_Pitch,R_Index3_Relative_Rot_Yaw,R_Index3_Relative_Rot_Roll,L_Index3_Relative_Rot_Pitch,L_Index3_Relative_Rot_Yaw,L_Thumb3_Relative_Rot_Roll,R_Middle1_Relative_Rot_Pitch,R_Middle1_Relative_Rot_Yaw,R_Middle1_Relative_Rot_Roll,L_Middle1_Relative_Rot_Pitch,L_Middle1_Relative_Rot_Yaw,L_Middle1_Relative_Rot_Roll,R_Middle2_Relative_Rot_Pitch,R_Middle2_Relative_Rot_Yaw,R_Middle2_Relative_Rot_Roll,L_Middle2_Relative_Rot_Pitch,L_Middle2_Relative_Rot_Yaw,L_Middle2_Relative_Rot_Roll,R_Middle3_Relative_Rot_Pitch,R_Middle3_Relative_Rot_Yaw,R_Middle3_Relative_Rot_Roll,L_Middle3_Relative_Rot_Pitch,L_Middle3_Relative_Rot_Yaw,L_Middle3_Relative_Rot_Roll,R_Ring1_Relative_Rot_Pitch,R_Ring1_Relative_Rot_Yaw,R_Ring1_Relative_Rot_Roll,L_Ring1_Relative_Rot_Pitch,L_Ring1_Relative_Rot_Yaw,L_Ring1_Relative_Rot_Roll,R_Ring2_Relative_Rot_Pitch,R_Ring2_Relative_Rot_Yaw,R_Ring2_Relative_Rot_Roll,L_Ring2_Relative_Rot_Pitch,L_Ring2_Relative_Rot_Yaw,L_Ring2_Relative_Rot_Roll,R_Ring3_Relative_Rot_Pitch,R_Ring3_Relative_Rot_Yaw,R_Ring3_Relative_Rot_Roll,L_Ring3_Relative_Rot_Pitch,L_Ring3_Relative_Rot_Yaw,L_Ring3_Relative_Rot_Roll,R_Pinky0_Relative_Rot_Pitch,R_Pinky0_Relative_Rot_Yaw,R_Pinky0_Relative_Rot_Roll,L_Pinky0_Relative_Rot_Pitch,L_Pinky0_Relative_Rot_Yaw,L_Pinky0_Relative_Rot_Roll,R_Pinky1_Relative_Rot_Pitch,R_Pinky1_Relative_Rot_Yaw,R_Pinky1_Relative_Rot_Roll,L_Pinky1_Relative_Rot_Pitch,L_Pinky1_Relative_Rot_Yaw,L_Pinky1_Relative_Rot_Roll,R_Pinky2_Relative_Rot_Pitch,R_Pinky2_Relative_Rot_Yaw,R_Pinky2_Relative_Rot_Roll,L_Pinky2_Relative_Rot_Pitch,L_Pinky2_Relative_Rot_Yaw,L_Pinky2_Relative_Rot_Roll,R_Pinky3_Relative_Rot_Pitch,R_Pinky3_Relative_Rot_Yaw,R_Pinky3_Relative_Rot_Roll,L_Pinky3_Relative_Rot_Pitch,L_Pinky3_Relative_Rot_Yaw,L_Pinky3_Relative_Rot_Roll,Label
2.791923,29.224188,-2.747500,0.375104,0.858390,-0.627209,0.830441,0.700112,0.451265,-3.222772,76.599021,60.562506,-2.721340,101.745973,-118.879207,-52.499988,-17.454400,53.581400,-54.168192,-14.994737,51.615039,15.850330,-6.801957,26.447397,15.627266,-7.100559,25.566032,5.136307,-17.060213,-10.368745,4.469359,-20.707439,-10.421628,-8.472505,9.188360,9.008791,-6.821101,-1.005188,9.509318,3.056340,-0.714648,3.492597,0.159620,-0.475156,3.360796,0.379704,-8.509667,-3.033296,0.104118,-13.696883,-3.044723,3.039137,1.684255,-1.832793,2.871587,-3.344818,-1.985937,11.735133,-2.700709,-1.034099,7.116523,-6.623579,-1.497625,0.374927,-5.417473,-1.340775,0.160733,-14.349356,-1.401249,0.547571,5.886804,-4.392944,0.161168,1.128854,-4.887783,15.013340,-2.764004,-6.036005,10.158631,-6.062773,-6.672049,0.096644,-3.612619,-3.932635,-0.720980,-15.176684,-4.128662,-3.365806,-0.754128,-0.547408,-3.412348,-5.308344,-0.625278,15.315444,-5.567037,-24.893161,15.315439,-5.567046,-24.893157,8.842046,10.966341,12.922063,2.402743,11.735953,11.909425,4.092317,-8.966194,-5.540852,2.898198,-20.066059,-6.723805,-5.637471,2.119373,-0.028174,-5.635261,-0.663943,0.118452,0
2.787861,29.225490,-2.755404,0.469210,1.121802,-0.795571,1.179801,0.894105,0.587033,-3.240131,76.602076,60.557112,-2.723518,101.761870,-118.864970,-52.484949,-17.474941,53.597662,-54.153606,-15.017797,51.633655,15.854332,-6.798200,26.455250,15.633369,-7.095859,25.574069,5.134347,-17.070947,-10.368970,4.473982,-20.682206,-10.421414,-8.469921,9.171853,9.009836,-6.827207,-0.968522,9.508052,3.063404,-0.708153,3.493049,0.160682,-0.475245,3.360841,0.378737,-8.527939,-3.033378,0.104758,-13.684941,-3.044720,3.038809,1.674225,-1.833103,2.872013,-3.332336,-1.985577,11.743511,-2.692217,-1.032416,7.111756,-6.630917,-1.498181,0.374689,-5.427537,-1.340864,0.160434,-14.361639,-1.401308,0.547509,5.885793,-4.393048,0.161426,1.131590,-4.887502,15.020327,-2.744349,-6.030974,10.152046,-6.073845,-6.673670,0.096058,-3.620955,-3.932836,-0.722819,-15.201916,-4.128913,-3.365773,-0.753096,-0.547390,-3.412392,-5.313654,-0.625364,15.315439,-5.567046,-24.893154,15.315442,-5.567043,-24.893160,8.840608,10.979827,12.925048,2.393736,11.756433,11.910354,4.091288,-8.977077,-5.542126,2.893882,-20.102824,-6.727338,-5.637476,2.121997,-0.028309,-5.635264,-0.673293,0.118950,0
2.775332,29.217653,-2.750415,-0.721242,-0.919451,0.785471,0.998612,0.156276,0.100638,-3.246022,76.602317,60.557745,-2.741065,101.766266,-118.826780,-52.472442,-17.492121,53.611241,-54.142180,-15.035843,51.648216,15.863121,-6.792269,26.462033,15.642408,-7.090147,25.580568,5.130299,-17.093197,-10.369422,4.477417,-20.663434,-10.421276,-8.467171,9.154361,9.010944,-6.830449,-0.948955,9.507368,3.069913,-0.697129,3.493597,0.165382,-0.477156,3.361122,0.378328,-8.535535,-3.033413,0.105212,-13.676226,-3.044723,3.038645,1.669487,-1.833262,2.872538,-3.317682,-1.985151,11.747861,-2.682695,-1.030531,7.105645,-6.642016,-1.499082,0.374596,-5.432064,-1.340904,0.160058,-14.376746,-1.401382,0.547440,5.884909,-4.393140,0.161421,1.131703,-4.887496,15.023297,-2.729167,-6.027137,10.144473,-6.084067,-6.675091,0.095640,-3.627106,-3.932986,-0.724786,-15.229450,-4.129180,-3.365804,-0.755101,-0.547419,-3.412479,-5.320632,-0.625480,15.315445,-5.567046,-24.893156,15.315442,-5.567049,-24.893151,8.829682,10.990312,12.925783,2.384485,11.776038,11.911105,4.089805,-8.992233,-5.543896,2.889308,-20.141664,-6.731056,-5.637464,2.122534,-0.028339,-5.635247,-0.681431,0.119365,0
2.746418,29.200771,-2.738082,-1.864094,-2.357594,2.065630,2.569698,0.231241,0.174573,-3.253762,76.603412,60.557094,-2.783897,101.771976,-118.738323,-52.447379,-17.526462,53.638392,-54.120308,-15.070241,51.675981,15.884052,-6.778685,26.475799,15.662854,-7.077558,25.593053,5.119974,-17.149832,-10.370563,4.483637,-20.629523,-10.420953,-8.460540,9.112046,9.013623,-6.835506,-0.918545,9.506312,3.083504,-0.669987,3.494855,0.175202,-0.479192,3.361660,0.377750,-8.546484,-3.033468,0.106394,-13.654069,-3.044732,3.038405,1.661792,-1.833509,2.873732,-3.283091,-1.984147,11.754986,-2.661217,-1.026271,7.093900,-6.664260,-1.500932,0.374486,-5.436700,-1.340941,0.159253,-14.409960,-1.401539,0.547348,5.883811,-4.393267,0.161268,1.129862,-4.887679,15.029084,-2.697195,-6.019071,10.129981,-6.105464,-6.678130,0.094816,-3.639060,-3.933271,-0.729225,-15.290767,-4.129770,-3.365851,-0.761014,-0.547518,-3.412667,-5.337417,-0.625762,15.315449,-5.567047,-24.893164,15.315446,-5.567047,-24.893149,8.806787,11.015157,12.928030,2.368462,11.820530,11.913793,4.086494,-9.026327,-5.547863,2.879939,-20.221053,-6.738648,-5.637457,2.123242,-0.028369,-5.635212,-0.696579,0.120163,0
2.731028,29.192029,-2.731353,-0.964173,-1.215920,1.075543,1.327124,0.085635,0.073655,-3.256661,76.604105,60.556303,-2.826899,101.775819,-118.651250,-52.434762,-17.543755,53.652061,-54.109538,-15.087595,51.689969,15.895376,-6.771394,26.482715,15.673903,-7.070716,25.599201,5.114263,-17.181149,-10.371168,4.486582,-20.613448,-10.420811,-8.456928,9.089051,9.015074,-6.837683,-0.905448,9.505860,3.090458,-0.655154,3.495523,0.180236,-0.479782,3.361923,0.377508,-8.550938,-3.033485,0.107055,-13.641800,-3.044730,3.038303,1.658371,-1.833616,2.874362,-3.264486,-1.983618,11.758154,-2.649864,-1.024019,7.088145,-6.675398,-1.501860,0.374469,-5.437951,-1.340948,0.158835,-14.427328,-1.401622,0.547313,5.883427,-4.393305,0.161117,1.128400,-4.887829,15.031947,-2.680789,-6.014928,10.122880,-6.116409,-6.679691,0.094421,-3.644963,-3.933408,-0.731555,-15.322999,-4.130078,-3.365883,-0.764458,-0.547592,-3.412762,-5.346542,-0.625912,15.315442,-5.567041,-24.893161,15.315440,-5.567045,-24.893160,8.795077,11.028536,12.929335,2.361053,11.844095,11.915439,4.084748,-9.044319,-5.549964,2.875206,-20.261201,-6.742480,-5.637466,2.123513,-0.028389,-5.635204,-0.703901,0.120549,0
2.704400,29.191351,-2.736723,-2.300567,0.169888,-0.777135,1.635773,0.270059,0.016741,-3.260065,76.608879,60.525058,-2.880158,101.761805,-118.623924,-52.428009,-17.553229,53.659540,-54.095491,-15.109067,51.707318,15.898686,-6.768773,26.486251,15.680538,-7.065739,25.606887,5.106416,-17.224215,-10.372025,4.488984,-20.600423,-10.420704,-8.451687,9.055547,9.017185,-6.837818,-0.904663,9.505844,3.100823,-0.659712,3.495852,0.184458,-0.486907,3.362304,0.377487,-8.551371,-3.033484,0.107801,-13.627788,-3.044727,3.038343,1.659759,-1.833573,2.875074,-3.243743,-1.983014,11.761419,-2.650079,-1.024052,7.081846,-6.683462,-1.502377,0.374482,-5.437016,-1.340947,0.158468,-14.442393,-1.401706,0.547436,5.884909,-4.393143,0.161205,1.129238,-4.887739,15.034206,-2.670257,-6.012259,10.115762,-6.130008,-6.681709,0.094412,-3.644786,-3.933398,-0.733931,-15.355825,-4.130396,-3.365886,-0.765310,-0.547609,-3.412865,-5.356823,-0.626080,15.315438,-5.567038,-24.893158,15.315439,-5.567043,-24.893153,8.780138,11.029089,12.927053,2.353353,11.865054,11.916664,4.083473,-9.057628,-5.551509,2.870280,-20.302801,-6.746453,-5.637473,2.122394,-0.028318,-5.635181,-0.712065,0.120975,0
2.676618,29.190690,-2.742010,-2.301382,0.150003,-0.746097,1.645901,0.243900,0.005081,-3.262680,76.614137,60.490790,-2.938014,101.745266,-118.596009,-52.422063,-17.561461,53.666039,-54.081721,-15.131384,51.725292,15.901685,-6.766589,26.489434,15.687812,-7.060819,25.614667,5.097857,-17.271119,-10.372959,4.491154,-20.588474,-10.420578,-8.445986,9.019351,9.019468,-6.837407,-0.907092,9.505922,3.111715,-0.665429,3.496176,0.188695,-0.494434,3.362702,0.377522,-8.550485,-3.033488,0.108605,-13.612599,-3.044734,3.038414,1.662052,-1.833493,2.875854,-3.221684,-1.982371,11.764371,-2.651124,-1.024260,7.075608,-6.691173,-1.502861,0.374535,-5.434909,-1.340929,0.158086,-14.457812,-1.401781,0.547572,5.886735,-4.392950,0.161267,1.129896,-4.887669,15.036334,-2.660053,-6.009666,10.108769,-6.144109,-6.683816,0.094498,-3.643847,-3.933387,-0.736392,-15.389973,-4.130720,-3.365907,-0.766258,-0.547624,-3.412988,-5.367846,-0.626267,15.315438,-5.567034,-24.893156,15.315444,-5.567048,-24.893152,8.764605,11.028969,12.924514,2.346133,11.886827,11.918094,4.082152,-9.071164,-5.553092,2.865291,-20.344929,-6.750482,-5.637466,2.121054,-0.028249,-5.635159,-0.720114,0.121413,0
2.669314,29.190543,-2.749127,-0.557575,0.078728,-0.357238,0.528765,0.100612,0.701179,-3.277500,76.649010,60.457992,-2.961402,101.739253,-118.560292,-52.418543,-17.566166,53.669760,-54.065360,-15.156808,51.745807,15.899685,-6.767251,26.491152,15.693947,-7.055811,25.623567,5.091078,-17.308392,-10.373692,4.492493,-20.581231,-10.420525,-8.442829,8.999147,9.020745,-6.834678,-0.923467,9.506496,3.123149,-0.686704,3.496101,0.202257,-0.524515,3.364106,0.378236,-8.537350,-3.033423,0.108801,-13.609027,-3.044732,3.038707,1.671344,-1.833201,2.876303,-3.208468,-1.981987,11.763454,-2.660757,-1.026178,7.074752,-6.712091,-1.505304,0.374809,-5.423264,-1.340824,0.157641,-14.475415,-1.401859,0.548059,5.893107,-4.392270,0.161300,1.130288,-4.887641,15.032579,-2.656836,-6.008958,10.105562,-6.161124,-6.686599,0.095194,-3.633538,-3.933140,-0.738760,-15.422655,-4.131028,-3.365873,-0.762409,-0.547547,-3.413109,-5.377703,-0.626432,15.315441,-5.567042,-24.893162,15.315447,-5.567050,-24.893158,8.738026,11.023654,12.918953,2.341858,11.906087,11.919784,4.081504,-9.077847,-5.553860,2.860256,-20.387548,-6.754540,-5.637459,2.118509,-0.028116,-5.635143,-0.729714,0.121907,0
2.661753,29.190432,-2.756256,-0.539491,0.060484,-0.322858,0.521508,0.076114,0.677500,-3.299229,76.703180,60.407799,-2.984009,101.732704,-118.525505,-52.416000,-17.570070,53.672833,-54.048626,-15.182800,51.766767,15.897151,-6.768436,26.492405,15.700044,-7.050805,25.632711,5.083920,-17.347658,-10.374461,4.493562,-20.575445,-10.420473,-8.439596,8.978633,9.022024,-6.831265,-0.944116,9.507218,3.135114,-0.710825,3.495990,0.216969,-0.557649,3.365641,0.379071,-8.521653,-3.033357,0.108965,-13.605903,-3.044737,3.039051,1.682216,-1.832854,2.876764,-3.195243,-1.981599,11.761829,-2.672092,-1.028430,7.074552,-6.734351,-1.507948,0.375123,-5.409545,-1.340703,0.157213,-14.493593,-1.401952,0.548616,5.900325,-4.391493,0.161305,1.130538,-4.887617,15.028018,-2.654741,-6.008532,10.102878,-6.178927,-6.689542,0.096024,-3.621475,-3.932850,-0.741181,-15.456287,-4.131345,-3.365817,-0.758034,-0.547475,-3.413198,-5.388016,-0.626606,15.315451,-5.567039,-24.893163,15.315450,-5.567046,-24.893155,8.709621,11.017166,12.912834,2.338327,11.925704,11.921666,4.080934,-9.083900,-5.554569,2.855170,-20.430695,-6.758652,-5.637478,2.115616,-0.027966,-5.635125,-0.739424,0.122424,0
2.643499,29.191212,-2.754223,-2.281421,-0.216596,0.113776,0.299610,-0.327001,-0.173614,-3.292978,76.710601,60.412632,-2.986931,101.746321,-118.519322,-52.406796,-17.582365,53.682554,-54.040369,-15.195464,51.776993,15.894743,-6.768538,26.496923,15.701249,-7.049208,25.637129,5.078983,-17.374628,-10.374976,4.495221,-20.566317,-10.420386,-8.437605,8.965969,9.022833,-6.829731,-0.953285,9.507522,3.150246,-0.719918,3.496380,0.229494,-0.578842,3.366755,0.378947,-8.523811,-3.033364,0.109092,-13.603511,-3.044735,3.039385,1.691807,-1.832546,2.876938,-3.190026,-1.981449,11.760396,-2.682722,-1.030543,7.077354,-6.756555,-1.510805,0.375177,-5.407265,-1.340686,0.156703,-14.514229,-1.402052,0.549159,5.907338,-4.390739,0.160961,1.126429,-4.888025,15.022224,-2.656049,-6.008985,10.102357,-6.204020,-6.693842,0.096097,-3.620291,-3.932825,-0.743922,-15.494264,-4.131703,-3.365783,-0.754380,-0.547409,-3.413345,-5.401039,-0.626811,15.315436,-5.567043,-24.893166,15.315451,-5.567044,-24.893151,8.684451,11.014882,12.908224,2.338814,11.943511,11.924119,4.079804,-9.095519,-5.555916,2.850232,-20.472359,-6.762606,-5.637471,2.113452,-0.027856,-5.635115,-0.748404,0.122892,0
2.624607,29.192057,-2.751827,-2.352254,-0.238645,0.142663,0.307564,-0.357496,-0.194692,-3.285017,76.717699,60.419327,-2.988726,101.761171,-118.514547,-52.397656,-17.594653,53.692269,-54.033060,-15.206781,51.786119,15.891727,-6.769177,26.501492,15.701826,-7.048170,25.641078,5.074081,-17.401652,-10.375509,4.496749,-20.557978,-10.420314,-8.435754,8.954093,9.023575,-6.827859,-0.964520,9.507925,3.166221,-0.729398,3.496793,0.242670,-0.600982,3.367914,0.378825,-8.526217,-3.033373,0.109194,-13.601615,-3.044739,3.039709,1.702578,-1.832203,2.877091,-3.185867,-1.981321,11.758392,-2.694703,-1.032911,7.081115,-6.779873,-1.513865,0.375236,-5.404743,-1.340674,0.156174,-14.535680,-1.402158,0.549748,5.915025,-4.389914,0.160555,1.121612,-4.888512,15.015596,-2.658759,-6.009803,10.102576,-6.230740,-6.698452,0.096189,-3.619067,-3.932795,-0.746762,-15.533591,-4.132073,-3.365753,-0.750405,-0.547336,-3.413502,-5.414813,-0.627046,15.315430,-5.567048,-24.893167,15.315453,-5.567050,-24.893151,8.658190,11.012182,12.903341,2.340440,11.961392,11.926816,4.078632,-9.107352,-5.557301,2.845260,-20.514282,-6.766588,-5.637466,2.111101,-0.027727,-5.635085,-0.757342,0.123361,0
2.605122,29.192965,-2.749079,-2.460602,-0.263818,0.174390,0.320282,-0.393441,-0.217775,-3.275407,76.724500,60.427810,-2.989413,101.777185,-118.511128,-52.388217,-17.607289,53.702261,-54.026549,-15.217442,51.794692,15.888156,-6.769921,26.506115,15.701985,-7.047373,25.644584,5.069150,-17.428657,-10.376013,4.498148,-20.550392,-10.420227,-8.434005,8.943008,9.024257,-6.825663,-0.977737,9.508380,3.183015,-0.739232,3.497229,0.256479,-0.624063,3.369116,0.378681,-8.528836,-3.033390,0.109267,-13.600175,-3.044744,3.040091,1.714459,-1.831820,2.877187,-3.182733,-1.981230,11.755833,-2.707983,-1.035551,7.085806,-6.804257,-1.517131,0.375288,-5.402002,-1.340641,0.155632,-14.557888,-1.402261,0.550388,5.923380,-4.389023,0.160075,1.116076,-4.889065,15.008170,-2.662805,-6.010974,10.103510,-6.259027,-6.703371,0.096277,-3.617831,-3.932762,-0.749703,-15.574258,-4.132449,-3.365716,-0.746114,-0.547268,-3.413652,-5.429280,-0.627284,15.315447,-5.567037,-24.893164,15.315450,-5.567048,-24.893152,8.630836,11.009028,12.898166,2.343194,11.979276,11.929756,4.077469,-9.119377,-5.558690,2.840267,-20.556382,-6.770595,-5.637455,2.108562,-0.027596,-5.635074,-0.766271,0.123832,0
2.598560,29.203686,-2.743185,-0.209412,1.051883,-0.121239,0.724040,-0.473085,-0.959735,-3.256183,76.733566,60.424664,-3.010195,101.771267,-118.482760,-52.378882,-17.619987,53.712288,-54.016211,-15.233932,51.807963,15.888405,-6.768714,26.510872,15.701566,-7.046594,25.650175,5.065789,-17.447047,-10.376377,4.497812,-20.552207,-10.420266,-8.434121,8.943693,9.024242,-6.824288,-0.985947,9.508655,3.202455,-0.753076,3.497657,0.270577,-0.630238,3.369915,0.377805,-8.545297,-3.033457,0.109114,-13.602868,-3.044736,3.040055,1.713193,-1.831872,2.877308,-3.179588,-1.981145,11.756998,-2.722382,-1.038403,7.089833,-6.826749,-1.520125,0.375137,-5.408879,-1.340703,0.154867,-14.588775,-1.402402,0.550675,5.926903,-4.388632,0.159070,1.104256,-4.890261,15.005458,-2.662844,-6.011035,10.102500,-6.297753,-6.710001,0.095800,-3.624612,-3.932932,-0.752994,-15.619791,-4.132864,-3.365670,-0.742748,-0.547196,-3.413851,-5.446109,-0.627571,15.315442,-5.567043,-24.893155,15.315445,-5.567047,-24.893157,8.613518,11.013436,12.896397,2.345409,11.985636,11.931054,4.076153,-9.132963,-5.560269,2.835683,-20.594906,-6.774246,-5.637474,2.108233,-0.027576,-5.635040,-0.772025,0.124135,0
2.591935,29.214803,-2.736878,-0.192889,1.058137,-0.104759,0.731233,-0.492616,-0.984400,-3.234694,76.742571,60.422007,-3.031829,101.764396,-118.453310,-52.369786,-17.633044,53.722574,-54.005667,-15.249847,51.820810,15.888928,-6.767716,26.515663,15.700130,-7.045928,25.655645,5.062625,-17.464425,-10.376713,4.497162,-20.555802,-10.420294,-8.434542,8.946437,9.024060,-6.822748,-0.995232,9.508969,3.222888,-0.767678,3.498092,0.285218,-0.635196,3.370716,0.376829,-8.563620,-3.033545,0.108937,-13.606419,-3.044738,3.040002,1.711318,-1.831922,2.877374,-3.177290,-1.981076,11.758153,-2.738008,-1.041505,7.094559,-6.849919,-1.523250,0.374943,-5.416712,-1.340772,0.154077,-14.621340,-1.402561,0.550925,5.930416,-4.388268,0.157945,1.091103,-4.891586,15.002632,-2.663506,-6.011265,10.101854,-6.339037,-6.717088,0.095283,-3.632360,-3.933114,-0.756397,-15.667021,-4.133298,-3.365661,-0.739213,-0.547140,-3.414047,-5.463809,-0.627869,15.315444,-5.567036,-24.893157,15.315444,-5.567051,-24.893148,8.596484,11.018383,12.894801,2.348488,11.990658,11.932337,4.074801,-9.146911,-5.561895,2.831152,-20.633205,-6.777877,-5.637464,2.108019,-0.027570,-5.635042,-0.777392,0.124427,0
2.600983,29.225028,-2.731282,2.710628,1.004928,-0.207286,1.404985,-0.470479,-1.014926,-3.240465,76.761066,60.422799,-3.057246,101.757520,-118.434226,-52.369674,-17.632762,53.722371,-53.994864,-15.266892,51.834537,15.890811,-6.766584,26.515725,15.690280,-7.049612,25.661015,5.060416,-17.476489,-10.376942,4.495904,-20.562644,-10.420345,-8.435334,8.951457,9.023748,-6.822271,-0.998176,9.509070,3.238737,-0.769319,3.498701,0.294769,-0.631936,3.371074,0.376403,-8.571843,-3.033590,0.108474,-13.615020,-3.044741,3.039718,1.702561,-1.832206,2.877345,-3.178324,-1.981101,11.763141,-2.751787,-1.044255,7.097814,-6.855515,-1.524170,0.374720,-5.427596,-1.340854,0.153439,-14.647456,-1.402687,0.550631,5.926667,-4.388669,0.157043,1.080470,-4.892653,15.002854,-2.664132,-6.011413,10.100124,-6.369317,-6.722234,0.094765,-3.639810,-3.933293,-0.759043,-15.703535,-4.133633,-3.365671,-0.740336,-0.547167,-3.414198,-5.478866,-0.628119,15.315453,-5.567042,-24.893153,15.315444,-5.567038,-24.893159,8.588581,11.020821,12.894085,2.351177,11.990708,11.932899,4.073820,-9.156931,-5.563066,2.827706,-20.662250,-6.780624,-5.637461,2.107586,-0.027534,-5.635030,-0.781129,0.124611,0
2.610579,29.235555,-2.725369,2.851177,1.031485,-0.199946,1.457614,-0.497268,-1.058588,-3.246943,76.780426,60.424322,-3.083729,101.749842,-118.415212,-52.370867,-17.631103,53.721058,-53.984219,-15.283247,51.847727,15.893062,-6.765548,26.515222,15.678596,-7.054378,25.666288,5.058494,-17.487043,-10.377136,4.494312,-20.571363,-10.420439,-8.436434,8.958485,9.023301,-6.821772,-1.001181,9.509190,3.254802,-0.769935,3.499333,0.304125,-0.626598,3.371383,0.375962,-8.580315,-3.033621,0.107956,-13.624997,-3.044734,3.039383,1.692406,-1.832532,2.877258,-3.180488,-1.981173,11.768616,-2.766345,-1.047148,7.101478,-6.859407,-1.524907,0.374417,-5.439659,-1.340967,0.152784,-14.674171,-1.402812,0.550281,5.921982,-4.389168,0.156062,1.069073,-4.893799,15.003345,-2.665272,-6.011685,10.098567,-6.400291,-6.727498,0.094200,-3.647999,-3.933488,-0.761678,-15.740079,-4.133965,-3.365681,-0.741950,-0.547195,-3.414377,-5.494323,-0.628378,15.315443,-5.567040,-24.893157,15.315443,-5.567037,-24.893157,8.582107,11.023396,12.893647,2.354524,11.989016,11.933353,4.072878,-9.166740,-5.564208,2.824423,-20.689903,-6.783237,-5.637480,2.107225,-0.027521,-5.635028,-0.784330,0.124783,0
2.631965,29.247043,-2.728313,2.523378,1.020301,-1.426186,-0.405732,-0.553086,-1.022903,-3.248389,76.791129,60.413759,-3.102280,101.743176,-118.386255,-52.378865,-17.619994,53.712297,-53.973832,-15.299205,51.860589,15.903534,-6.760983,26.511602,15.674281,-7.055325,25.671626,5.056499,-17.498002,-10.377348,4.493852,-20.573828,-10.420462,-8.437948,8.968092,9.022713,-6.824497,-0.984762,9.508621,3.264427,-0.770583,3.499705,0.308805,-0.622700,3.371508,0.375659,-8.585625,-3.033648,0.107640,-13.630510,-3.044738,3.039148,1.684607,-1.832779,2.877441,-3.175953,-1.981035,11.773433,-2.771813,-1.048242,7.098216,-6.866494,-1.525513,0.374290,-5.445128,-1.341020,0.152367,-14.691305,-1.402896,0.549915,5.917311,-4.389663,0.155487,1.062496,-4.894456,15.001704,-2.666534,-6.012040,10.093658,-6.421341,-6.730878,0.093963,-3.651604,-3.933572,-0.763585,-15.766323,-4.134209,-3.365697,-0.743865,-0.547226,-3.414484,-5.504750,-0.628543,15.315450,-5.567044,-24.893157,15.315437,-5.567046,-24.893151,8.572240,11.020373,12.891334,2.352863,11.986529,11.932677,4.072333,-9.172411,-5.564855,2.822099,-20.709293,-6.785072,-5.637469,2.107178,-0.027530,-5.635003,-0.788268,0.124986,0
2.655026,29.259109,-2.731770,2.879091,1.143232,-1.620193,-0.473062,-0.610821,-1.117673,-3.249904,76.801658,60.402591,-3.120935,101.735949,-118.356372,-52.388745,-17.606565,53.701689,-53.963536,-15.315212,51.873485,15.915431,-6.755886,26.507096,15.669795,-7.056321,25.676865,5.054711,-17.507782,-10.377525,4.493273,-20.576955,-10.420466,-8.439770,8.979715,9.021979,-6.827652,-0.965726,9.507956,3.273347,-0.770408,3.500069,0.312684,-0.617293,3.371560,0.375398,-8.590678,-3.033667,0.107331,-13.636515,-3.044734,3.038864,1.675987,-1.833046,2.877594,-3.171431,-1.980903,11.778550,-2.776673,-1.049220,7.094350,-6.872621,-1.525961,0.374153,-5.450653,-1.341062,0.151962,-14.707580,-1.402972,0.549503,5.911891,-4.390244,0.154938,1.055958,-4.895116,15.000026,-2.668225,-6.012494,10.088444,-6.441565,-6.734105,0.093706,-3.655212,-3.933661,-0.765384,-15.791181,-4.134427,-3.365714,-0.746169,-0.547268,-3.414592,-5.514788,-0.628711,15.315447,-5.567041,-24.893156,15.315452,-5.567039,-24.893156,8.563095,11.016691,12.888989,2.351054,11.982506,11.931778,4.071843,-9.177350,-5.565434,2.820076,-20.726414,-6.786699,-5.637474,2.107229,-0.027525,-5.635018,-0.791871,0.125189,0
2.681431,29.272403,-2.736682,3.047544,1.190627,-1.707419,-0.470533,-0.580522,-1.053041,-3.251489,76.812023,60.390823,-3.139665,101.728164,-118.325571,-52.400636,-17.590957,53.689336,-53.953461,-15.330749,51.885997,15.928879,-6.750382,26.501730,15.664906,-7.057648,25.682066,5.053118,-17.516412,-10.377699,4.492582,-20.580732,-10.420526,-8.441884,8.993252,9.021121,-6.831255,-0.944113,9.507200,3.281561,-0.769426,3.500433,0.315793,-0.610444,3.371546,0.375159,-8.595490,-3.033684,0.106983,-13.643013,-3.044732,3.038558,1.666573,-1.833356,2.877742,-3.166893,-1.980769,11.783954,-2.780918,-1.050062,7.089835,-6.877832,-1.526256,0.374009,-5.456236,-1.341106,0.151580,-14.723019,-1.403041,0.549045,5.905714,-4.390907,0.154380,1.049454,-4.895766,14.998295,-2.670357,-6.013058,10.082894,-6.461022,-6.737174,0.093457,-3.658780,-3.933744,-0.767068,-15.814647,-4.134641,-3.365738,-0.748902,-0.547316,-3.414720,-5.524473,-0.628880,15.315437,-5.567040,-24.893159,15.315448,-5.567048,-24.893156,8.554615,11.012361,12.886608,2.349085,11.977012,11.930651,4.071436,-9.181558,-5.565927,2.818311,-20.741337,-6.788109,-5.637467,2.107377,-0.027531,-5.635005,-0.795133,0.125353,0
2.700049,29.275806,-2.754211,3.346634,-0.855278,-3.424215,0.577205,-1.361440,-0.816598,-3.263121,76.812034,60.357088,-3.156916,101.722192,-118.301765,-52.417342,-17.567550,53.670864,-53.942518,-15.347632,51.899597,15.934679,-6.749231,26.493457,15.664077,-7.056813,25.687843,5.051162,-17.527209,-10.377894,4.493681,-20.574767,-10.420464,-8.442834,8.999220,9.020749,-6.837219,-0.908228,9.505972,3.280005,-0.768346,3.500398,0.317067,-0.606254,3.371518,0.375192,-8.594993,-3.033685,0.107027,-13.642324,-3.044737,3.038331,1.659242,-1.833583,2.878151,-3.155138,-1.980427,11.782003,-2.780009,-1.049886,7.083558,-6.876128,-1.525585,0.374011,-5.457533,-1.341115,0.151558,-14.724012,-1.403049,0.548826,5.902980,-4.391208,0.154787,1.054240,-4.895285,14.993333,-2.669908,-6.013057,10.078595,-6.464333,-6.737526,0.093697,-3.655301,-3.933658,-0.767307,-15.817839,-4.134664,-3.365743,-0.749965,-0.547333,-3.414701,-5.524482,-0.628878,15.315445,-5.567042,-24.893154,15.315444,-5.567040,-24.893151,8.541961,11.002182,12.882174,2.349562,11.974879,11.930465,4.071066,-9.185369,-5.566373,2.816908,-20.753102,-6.789226,-5.637451,2.106792,-0.027495,-5.634995,-0.797614,0.125479,0
2.721757,29.278427,-2.774894,3.597487,-0.960355,-3.687864,0.549790,-1.328451,-0.784100,-3.275748,76.810973,60.320828,-3.174110,101.715912,-118.277808,-52.435963,-17.541863,53.650574,-53.931643,-15.364676,51.913313,15.940838,-6.747897,26.484146,15.663623,-7.055837,25.693607,5.049323,-17.537359,-10.378082,4.494892,-20.568136,-10.420403,-8.443865,9.005817,9.020340,-6.843813,-0.868606,9.504577,3.276747,-0.766582,3.500321,0.317500,-0.601233,3.371411,0.375246,-8.593668,-3.033682,0.107103,-13.641150,-3.044732,3.038075,1.651526,-1.833835,2.878586,-3.142522,-1.980063,11.779444,-2.777989,-1.049472,7.076577,-6.872850,-1.524672,0.373976,-5.458373,-1.341132,0.151587,-14.722617,-1.403047,0.548607,5.900067,-4.391519,0.155320,1.060405,-4.894669,14.987940,-2.669502,-6.013069,10.074194,-6.465079,-6.737424,0.094000,-3.650955,-3.933562,-0.767291,-15.817491,-4.134674,-3.365758,-0.751156,-0.547346,-3.414676,-5.523048,-0.628846,15.315430,-5.567047,-24.893162,15.315439,-5.567047,-24.893158,8.529394,10.990826,12.877486,2.350212,11.971943,11.930206,4.070747,-9.188575,-5.566737,2.815774,-20.762698,-6.790136,-5.637454,2.106212,-0.027468,-5.635006,-0.799731,0.125603,0
2.718279,29.288407,-2.768105,1.675321,1.129800,0.538423,2.152059,-0.238164,-0.392175,-3.287461,76.810599,60.283491,-3.166368,101.739288,-118.257897,-52.450927,-17.522032,53.634871,-53.924255,-15.376171,51.922568,15.943355,-6.748345,26.476671,15.657800,-7.058041,25.697370,5.047076,-17.549563,-10.378314,4.496932,-20.557024,-10.420296,-8.443595,9.004120,9.020432,-6.850561,-0.827972,9.503159,3.277631,-0.760203,3.500534,0.322993,-0.605449,3.371772,0.375663,-8.585693,-3.033642,0.107251,-13.638307,-3.044736,3.037950,1.647562,-1.833958,2.879134,-3.126608,-1.979605,11.779031,-2.777398,-1.049357,7.073461,-6.875981,-1.524817,0.374030,-5.455686,-1.341102,0.151683,-14.718817,-1.403026,0.548555,5.899454,-4.391588,0.156314,1.071966,-4.893505,14.984626,-2.672757,-6.013952,10.072217,-6.470008,-6.738177,0.094294,-3.646608,-3.933449,-0.767196,-15.816320,-4.134650,-3.365752,-0.750349,-0.547353,-3.414625,-5.518119,-0.628768,15.315436,-5.567044,-24.893157,15.315447,-5.567040,-24.893153,8.518364,10.978900,12.872924,2.352169,11.965230,11.929713,4.070949,-9.186400,-5.566492,2.813495,-20.781698,-6.791931,-5.637462,2.104097,-0.027360,-5.634986,-0.801980,0.125710,0
2.714539,29.298567,-2.760965,1.687415,1.146508,0.583314,2.193680,-0.228727,-0.383228,-3.300173,76.809350,60.243071,-3.156133,101.765332,-118.238255,-52.466880,-17.499235,53.616887,-53.917228,-15.387540,51.931692,15.944708,-6.749415,26.468549,15.651670,-7.060280,25.700857,5.044910,-17.561490,-10.378528,4.499185,-20.544746,-10.420177,-8.443245,9.001865,9.020563,-6.857861,-0.784019,9.501625,3.277617,-0.752642,3.500754,0.328441,-0.610204,3.372134,0.376169,-8.576136,-3.033600,0.107420,-13.634836,-3.044735,3.037818,1.643760,-1.834079,2.879736,-3.109490,-1.979103,11.778355,-2.776068,-1.049083,7.070245,-6.878645,-1.524897,0.374108,-5.452113,-1.341075,0.151844,-14.712674,-1.402997,0.548526,5.898973,-4.391638,0.157452,1.085415,-4.892152,14.981237,-2.676546,-6.014965,10.070473,-6.473343,-6.738657,0.094648,-3.641526,-3.933324,-0.766893,-15.812052,-4.134613,-3.365756,-0.749387,-0.547324,-3.414545,-5.511494,-0.628658,15.315451,-5.567043,-24.893153,15.315450,-5.567050,-24.893157,8.507556,10.965875,12.868126,2.354420,11.957335,11.929117,4.071303,-9.182985,-5.566081,2.811326,-20.800128,-6.793663,-5.637469,2.101759,-0.027238,-5.634996,-0.803956,0.125817,0
2.710551,29.308895,-2.753484,1.795306,1.228475,0.661118,2.359449,-0.232740,-0.397177,-3.317013,76.806770,60.189683,-3.143500,101.793960,-118.218896,-52.484270,-17.476093,53.598557,-53.910591,-15.397798,51.939958,15.946471,-6.750532,26.459793,15.644841,-7.062909,25.704096,5.042787,-17.573148,-10.378759,4.501634,-20.531355,-10.420052,-8.442818,8.999067,9.020756,-6.865713,-0.736806,9.499954,3.276713,-0.743934,3.500957,0.333862,-0.615427,3.372510,0.376756,-8.565033,-3.033548,0.107634,-13.630779,-3.044734,3.037709,1.640124,-1.834197,2.880346,-3.091231,-1.978574,11.777411,-2.774018,-1.048686,7.066965,-6.880842,-1.524913,0.374233,-5.447692,-1.341038,0.152042,-14.704241,-1.402955,0.548481,5.898653,-4.391669,0.158760,1.100709,-4.890613,14.977742,-2.680835,-6.016107,10.068954,-6.475097,-6.738879,0.095044,-3.635734,-3.933186,-0.766365,-15.804772,-4.134557,-3.365740,-0.748269,-0.547313,-3.414460,-5.503219,-0.628509,15.315446,-5.567037,-24.893154,15.315448,-5.567042,-24.893148,8.497001,10.951772,12.863136,2.357013,11.948292,11.928441,4.071753,-9.178355,-5.565550,2.809186,-20.818007,-6.795350,-5.637480,2.099219,-0.027109,-5.634979,-0.805648,0.125901,0
2.696517,29.299003,-2.755547,-1.469657,-1.412074,-0.703008,0.515033,-0.013065,-0.411352,-3.324232,76.730536,60.157604,-3.161996,101.790556,-118.196497,-52.503285,-17.449830,53.577792,-53.904520,-15.407162,51.947491,15.943033,-6.754272,26.449834,15.647347,-7.060863,25.707378,5.040018,-17.588390,-10.379041,4.504179,-20.517447,-10.419935,-8.441936,8.993509,9.021093,-6.873499,-0.689950,9.498306,3.276932,-0.735692,3.501210,0.337096,-0.623549,3.372834,0.376844,-8.563360,-3.033545,0.107971,-13.624594,-3.044729,3.037698,1.639296,-1.834220,2.880998,-3.072811,-1.978040,11.772043,-2.780017,-1.049865,7.061979,-6.888845,-1.525505,0.374219,-5.448147,-1.341040,0.152260,-14.695505,-1.402914,0.548433,5.897886,-4.391749,0.160074,1.115967,-4.889076,14.972095,-2.692652,-6.019148,10.064276,-6.479736,-6.739445,0.094950,-3.636933,-3.933221,-0.766229,-15.802981,-4.134528,-3.365735,-0.747958,-0.547299,-3.414367,-5.493884,-0.628361,15.315457,-5.567043,-24.893152,15.315434,-5.567052,-24.893156,8.487392,10.934898,12.857662,2.357370,11.952163,11.929026,4.071494,-9.180952,-5.565860,2.807842,-20.829261,-6.796410,-5.637476,2.099820,-0.027137,-5.634988,-0.803930,0.125808,0
2.681920,29.288552,-2.757663,-1.567120,-1.488839,-0.712443,0.512467,0.000000,-0.410992,-3.334696,76.607501,60.110168,-3.181211,101.786511,-118.174062,-52.523691,-17.422005,53.555765,-53.899069,-15.415538,51.954237,15.938889,-6.758676,26.439214,15.650522,-7.058797,25.710450,5.037191,-17.603817,-10.379336,4.506927,-20.502498,-10.419787,-8.440940,8.987185,9.021494,-6.881717,-0.640463,9.496564,3.276566,-0.726532,3.501452,0.340044,-0.632409,3.373181,0.376929,-8.561544,-3.033533,0.108346,-13.617673,-3.044739,3.037680,1.638923,-1.834236,2.881655,-3.053416,-1.977472,11.765926,-2.786383,-1.051124,7.056722,-6.897169,-1.526103,0.374209,-5.448468,-1.341043,0.152527,-14.684814,-1.402864,0.548386,5.897170,-4.391828,0.161507,1.132766,-4.887389,14.966099,-2.705808,-6.022538,10.059439,-6.483409,-6.739815,0.094869,-3.638367,-3.933250,-0.765976,-15.799342,-4.134497,-3.365722,-0.747603,-0.547292,-3.414244,-5.483044,-0.628185,15.315451,-5.567040,-24.893160,15.315442,-5.567046,-24.893150,8.478099,10.916813,12.851974,2.357709,11.956616,11.929692,4.071265,-9.183428,-5.566148,2.806660,-20.839279,-6.797368,-5.637475,2.100628,-0.027177,-5.634987,-0.801563,0.125694,0
2.690160,29.285362,-2.750325,-0.541900,-0.274693,0.671365,-1.707933,0.176697,-0.366889,-3.366218,76.587256,60.080894,-3.202072,101.773799,-118.168010,-52.537423,-17.402482,53.540336,-53.890153,-15.428360,51.964594,15.922313,-6.768887,26.431458,15.655626,-7.055116,25.715323,5.032426,-17.629961,-10.379812,4.508576,-20.493487,-10.419721,-8.436076,8.956198,9.023460,-6.886485,-0.611752,9.495534,3.273621,-0.711466,3.501752,0.345608,-0.649959,3.373828,0.377252,-8.555970,-3.033507,0.108143,-13.621377,-3.044737,3.037602,1.636676,-1.834312,2.881967,-3.044585,-1.977216,11.761343,-2.781122,-1.050069,7.055157,-6.918540,-1.528544,0.374231,-5.447614,-1.341041,0.152409,-14.689516,-1.402890,0.548245,5.895427,-4.392017,0.161798,1.136164,-4.887044,14.963795,-2.710413,-6.023726,10.056955,-6.500621,-6.742651,0.095106,-3.634787,-3.933166,-0.766502,-15.806624,-4.134571,-3.365707,-0.746835,-0.547277,-3.414235,-5.483707,-0.628194,15.315456,-5.567043,-24.893157,15.315436,-5.567046,-24.893158,8.472196,10.903703,12.847977,2.362736,11.965185,11.931848,4.071552,-9.180317,-5.565778,2.805895,-20.845535,-6.797944,-5.637480,2.098999,-0.027099,-5.634992,-0.800266,0.125624,0
2.698794,29.281976,-2.742666,-0.583740,-0.288505,0.730744,-1.821731,0.197002,-0.367509,-3.393147,76.570434,60.057402,-3.223693,101.759739,-118.163480,-52.551260,-17.383508,53.525319,-53.881438,-15.442722,51.976113,15.903789,-6.779971,26.423547,15.662446,-7.050683,25.720193,5.027370,-17.657663,-10.380324,4.510256,-20.484370,-10.419612,-8.430604,8.921432,9.025626,-6.891173,-0.583549,9.494524,3.269876,-0.694893,3.502069,0.351288,-0.669232,3.374530,0.377579,-8.549806,-3.033476,0.107903,-13.625836,-3.044739,3.037535,1.634582,-1.834382,2.882250,-3.036294,-1.976971,11.756359,-2.774661,-1.048776,7.053860,-6.941831,-1.531219,0.374242,-5.446520,-1.341024,0.152280,-14.694568,-1.402913,0.548116,5.893602,-4.392216,0.162045,1.139092,-4.886752,14.961695,-2.715018,-6.024911,10.054658,-6.518771,-6.745649,0.095383,-3.630758,-3.933067,-0.767007,-15.813771,-4.134631,-3.365716,-0.746004,-0.547265,-3.414273,-5.484608,-0.628209,15.315450,-5.567043,-24.893160,15.315447,-5.567041,-24.893157,8.466975,10.890230,12.844006,2.368330,11.974759,11.934252,4.071935,-9.176386,-5.565322,2.805344,-20.850263,-6.798396,-5.637470,2.097228,-0.026990,-5.634988,-0.798577,0.125543,0
2.683365,29.285776,-2.748227,-1.654208,0.049276,-0.812036,0.454072,-0.469955,-0.052127,-3.422391,76.538784,60.029064,-3.233053,101.745649,-118.169728,-52.559176,-17.373011,53.516995,-53.882570,-15.440940,51.974682,15.896698,-6.784561,26.419203,15.664975,-7.049603,25.719722,5.024586,-17.672917,-10.380606,4.511539,-20.477335,-10.419563,-8.424381,8.881762,9.028106,-6.894348,-0.564411,9.493836,3.262538,-0.681618,3.502129,0.354368,-0.676286,3.374816,0.377333,-8.554273,-3.033494,0.108022,-13.623640,-3.044733,3.037389,1.629819,-1.834526,2.882397,-3.031497,-1.976834,11.748798,-2.774127,-1.048665,7.054418,-6.963122,-1.533811,0.374245,-5.446952,-1.341028,0.152342,-14.692040,-1.402899,0.547977,5.891965,-4.392391,0.162370,1.142652,-4.886397,14.955564,-2.725799,-6.027708,10.055582,-6.536869,-6.748819,0.095441,-3.629927,-3.933053,-0.767211,-15.816461,-4.134650,-3.365718,-0.746585,-0.547273,-3.414253,-5.484211,-0.628209,15.315443,-5.567048,-24.893159,15.315446,-5.567046,-24.893152,8.463355,10.871529,12.839078,2.377802,11.983023,11.937279,4.072174,-9.174013,-5.565039,2.805311,-20.850640,-6.798430,-5.637496,2.095738,-0.026927,-5.634996,-0.797668,0.125487,0
2.667263,29.289707,-2.754062,-1.775149,0.056049,-0.856622,0.484778,-0.495653,-0.037645,-3.456567,76.501601,59.997329,-3.241806,101.730427,-118.178348,-52.566121,-17.362835,53.508961,-53.884906,-15.437237,51.971700,15.888834,-6.789247,26.415227,15.667677,-7.048459,25.718560,5.021873,-17.687718,-10.380890,4.512780,-20.470540,-10.419494,-8.417546,8.838312,9.030844,-6.897246,-0.546904,9.493215,3.254032,-0.667576,3.502173,0.357186,-0.683054,3.375103,0.377037,-8.559687,-3.033527,0.108139,-13.621140,-3.044741,3.037226,1.624786,-1.834684,2.882560,-3.027621,-1.976712,11.740560,-2.773425,-1.048509,7.055466,-6.985686,-1.536584,0.374232,-5.447401,-1.341033,0.152435,-14.688765,-1.402884,0.547851,5.890296,-4.392566,0.162626,1.145913,-4.886070,14.949049,-2.737423,-6.030722,10.057091,-6.555718,-6.752137,0.095510,-3.629160,-3.933029,-0.767358,-15.818429,-4.134678,-3.365741,-0.747307,-0.547285,-3.414248,-5.483815,-0.628200,15.315442,-5.567040,-24.893159,15.315442,-5.567045,-24.893152,8.460511,10.851810,12.834059,2.388321,11.991961,11.940606,4.072429,-9.171191,-5.564713,2.805482,-20.849179,-6.798291,-5.637470,2.094173,-0.026843,-5.635000,-0.796556,0.125430,0
2.650529,29.293764,-2.760172,-1.823345,0.060400,-0.868102,0.495586,-0.501781,-0.021475,-3.495330,76.459238,59.962715,-3.249967,101.714105,-118.189247,-52.572633,-17.354383,53.502248,-53.888646,-15.431424,51.967031,15.881206,-6.793929,26.411552,15.670553,-7.047500,25.716701,5.019270,-17.702057,-10.381137,4.514004,-20.463953,-10.419422,-8.410140,8.791190,9.033773,-6.899887,-0.530979,9.492638,3.244390,-0.652785,3.502176,0.359717,-0.689567,3.375353,0.376710,-8.566061,-3.033557,0.108302,-13.618330,-3.044734,3.037067,1.619514,-1.834862,2.882657,-3.024655,-1.976634,11.731650,-2.772571,-1.048334,7.056962,-7.009511,-1.539546,0.374218,-5.447871,-1.341036,0.152525,-14.684765,-1.402867,0.547715,5.888591,-4.392746,0.162890,1.148910,-4.885769,14.942159,-2.749888,-6.033948,10.059166,-6.575303,-6.755627,0.095537,-3.628479,-3.933014,-0.767455,-15.819697,-4.134685,-3.365734,-0.748147,-0.547308,-3.414246,-5.483432,-0.628191,15.315442,-5.567045,-24.893161,15.315440,-5.567048,-24.893148,8.458430,10.831087,12.828927,2.399828,12.001495,11.944212,4.072755,-9.167903,-5.564335,2.805863,-20.845899,-6.797987,-5.637493,2.092520,-0.026747,-5.635000,-0.795254,0.125359,0
2.663621,29.300186,-2.771556,1.208722,0.750754,-1.499856,-0.605393,-0.139166,0.077636,-3.519114,76.396386,59.985374,-3.254601,101.698944,-118.184737,-52.575411,-17.350305,53.499027,-53.893186,-15.424374,51.961356,15.885422,-6.792218,26.410386,15.673456,-7.046530,25.714413,5.018427,-17.706622,-10.381223,4.513436,-20.466989,-10.419469,-8.403682,8.750184,9.036316,-6.899873,-0.531098,9.492658,3.232904,-0.628798,3.502345,0.369455,-0.686152,3.375726,0.375840,-8.582548,-3.033621,0.107920,-13.625624,-3.044731,3.036723,1.609054,-1.835192,2.882433,-3.031087,-1.976822,11.723709,-2.771985,-1.048197,7.059857,-7.029931,-1.542200,0.374126,-5.451711,-1.341075,0.152371,-14.690819,-1.402891,0.547554,5.886313,-4.392995,0.162682,1.146668,-4.885995,14.937034,-2.763162,-6.037332,10.060717,-6.599785,-6.759929,0.095566,-3.628180,-3.933004,-0.767838,-15.825238,-4.134730,-3.365732,-0.748556,-0.547308,-3.414256,-5.484008,-0.628205,15.315439,-5.567051,-24.893156,15.315442,-5.567048,-24.893154,8.465458,10.817551,12.826904,2.410701,11.996577,11.945772,4.072983,-9.165471,-5.564054,2.806560,-20.840019,-6.797434,-5.637467,2.091334,-0.026683,-5.635011,-0.791072,0.125144,0
2.677250,29.306802,-2.783364,1.229178,0.762183,-1.506812,-0.616203,-0.133571,0.092007,-3.549195,76.313337,60.019127,-3.258409,101.682955,-118.180754,-52.577694,-17.347243,53.496598,-53.898253,-15.416635,51.955127,15.890208,-6.790022,26.409452,15.676402,-7.045771,25.711885,5.017714,-17.710526,-10.381299,4.512792,-20.470474,-10.419488,-8.397192,8.708953,9.038891,-6.899649,-0.532440,9.492695,3.221149,-0.604532,3.502507,0.379278,-0.682254,3.376084,0.374949,-8.599524,-3.033705,0.107521,-13.633189,-3.044733,3.036368,1.598427,-1.835531,2.882183,-3.038115,-1.977021,11.715733,-2.771366,-1.048065,7.062895,-7.050282,-1.544873,0.374040,-5.455662,-1.341106,0.152212,-14.696996,-1.402921,0.547361,5.884033,-4.393241,0.162487,1.144131,-4.886247,14.931963,-2.776530,-6.040737,10.062405,-6.624335,-6.764253,0.095579,-3.627915,-3.933003,-0.768236,-15.830676,-4.134776,-3.365732,-0.748969,-0.547319,-3.414270,-5.484620,-0.628215,15.315444,-5.567051,-24.893162,15.315453,-5.567044,-24.893147,8.473023,10.804251,12.825033,2.421661,11.991260,11.947277,4.073237,-9.162964,-5.563754,2.807331,-20.833575,-6.796812,-5.637483,2.090144,-0.026631,-5.635022,-0.786763,0.124913,0
2.668339,29.302214,-2.800906,-0.852336,-0.683964,-2.310348,0.459963,-0.008339,0.272993,-3.551381,76.279373,60.033340,-3.246515,101.680058,-118.194654,-52.576199,-17.349222,53.498172,-53.908014,-15.401223,51.942738,15.898573,-6.785559,26.410596,15.682280,-7.043844,25.706894,5.016864,-17.715226,-10.381393,4.512775,-20.470533,-10.419497,-8.390401,8.665696,9.041595,-6.899057,-0.535970,9.492815,3.213956,-0.578492,3.502912,0.395221,-0.681109,3.376779,0.373009,-8.635769,-3.033871,0.107320,-13.636910,-3.044730,3.035651,1.575148,-1.836261,2.881929,-3.045241,-1.977235,11.710938,-2.767677,-1.047330,7.069441,-7.061751,-1.546749,0.373643,-5.472560,-1.341253,0.152212,-14.696978,-1.402925,0.546770,5.876273,-4.394070,0.162450,1.143770,-4.886283,14.928530,-2.790342,-6.044220,10.065368,-6.640420,-6.767193,0.094797,-3.639496,-3.933278,-0.768175,-15.829831,-4.134767,-3.365791,-0.753736,-0.547399,-3.414277,-5.485636,-0.628235,15.315447,-5.567034,-24.893156,15.315446,-5.567041,-24.893149,8.484794,10.789166,12.823404,2.431797,11.985668,11.948588,4.072532,-9.170244,-5.564601,2.807637,-20.830991,-6.796570,-5.637467,2.091587,-0.026703,-5.635023,-0.784042,0.124766,0
2.658990,29.297348,-2.819026,-0.841403,-0.674639,-2.232463,0.453095,-0.000825,0.276479,-3.552189,76.248067,60.048197,-3.232398,101.677733,-118.210726,-52.573309,-17.353724,53.501714,-53.919587,-15.383596,51.928534,15.908808,-6.779923,26.412521,15.689034,-7.041757,25.701001,5.016207,-17.718759,-10.381449,4.512658,-20.471193,-10.419489,-8.383231,8.620248,9.044393,-6.897974,-0.542532,9.493053,3.206481,-0.550753,3.503343,0.412611,-0.679185,3.377523,0.370862,-8.676571,-3.034055,0.107108,-13.640886,-3.044730,3.034804,1.549284,-1.837084,2.881629,-3.053958,-1.977487,11.706277,-2.763461,-1.046488,7.076953,-7.072418,-1.548619,0.373197,-5.491758,-1.341419,0.152233,-14.696532,-1.402913,0.546100,5.867620,-4.394999,0.162375,1.142999,-4.886358,14.925287,-2.804889,-6.047873,10.068840,-6.656243,-6.770119,0.093866,-3.652928,-3.933603,-0.768032,-15.828006,-4.134750,-3.365852,-0.759191,-0.547496,-3.414289,-5.486826,-0.628258,15.315452,-5.567045,-24.893157,15.315453,-5.567053,-24.893149,8.498644,10.773861,12.822053,2.442405,11.979020,11.949838,4.071699,-9.178761,-5.565592,2.808061,-20.827522,-6.796238,-5.637472,2.093415,-0.026798,-5.635042,-0.781135,0.124609,0
2.649227,29.292215,-2.837694,-0.850999,-0.682048,-2.215793,0.457861,0.005993,0.286863,-3.551907,76.215845,60.065124,-3.216131,101.675970,-118.228918,-52.568857,-17.359701,53.506453,-53.932939,-15.363188,51.912094,15.920266,-6.773310,26.415251,15.696333,-7.039739,25.694251,5.015757,-17.721152,-10.381505,4.512437,-20.472462,-10.419526,-8.375732,8.572646,9.047334,-6.896404,-0.552021,9.493421,3.198728,-0.521332,3.503798,0.431428,-0.676526,3.378322,0.368454,-8.721810,-3.034249,0.106874,-13.645082,-3.044740,3.033904,1.520878,-1.837993,2.881299,-3.064202,-1.977789,11.701705,-2.758721,-1.045547,7.085415,-7.082301,-1.550453,0.372686,-5.513182,-1.341604,0.152252,-14.695703,-1.402918,0.545378,5.858092,-4.396019,0.162281,1.141877,-4.886476,14.922186,-2.820124,-6.051701,10.072837,-6.671816,-6.773028,0.092820,-3.668193,-3.933971,-0.767837,-15.825209,-4.134733,-3.365897,-0.765301,-0.547598,-3.414309,-5.488172,-0.628278,15.315448,-5.567035,-24.893151,15.315450,-5.567048,-24.893152,8.514507,10.758328,12.820959,2.453509,11.971305,11.951052,4.070762,-9.188485,-5.566726,2.808568,-20.823173,-6.795834,-5.637480,2.095609,-0.026919,-5.635037,-0.778042,0.124450,0
2.657178,29.284395,-2.833110,1.271771,-1.970286,0.555243,0.096066,-0.813916,-0.122506,-3.566330,76.232191,60.086585,-3.206666,101.669408,-118.218856,-52.567919,-17.360437,53.507057,-53.943921,-15.345305,51.897727,15.931791,-6.767320,26.416270,15.699054,-7.039412,25.688404,5.014188,-17.729795,-10.381651,4.511877,-20.475512,-10.419542,-8.367520,8.520547,9.050545,-6.892233,-0.577091,9.494307,3.194712,-0.491902,3.504422,0.453741,-0.688050,3.379570,0.365888,-8.769928,-3.034457,0.106445,-13.653311,-3.044733,3.032689,1.482964,-1.839209,2.880758,-3.078957,-1.978217,11.697306,-2.770455,-1.047858,7.094164,-7.096661,-1.552867,0.371851,-5.549738,-1.341916,0.152235,-14.696638,-1.402913,0.544116,5.841774,-4.397776,0.161899,1.137327,-4.886933,14.918803,-2.842218,-6.057220,10.075762,-6.682163,-6.774980,0.090400,-3.703369,-3.934815,-0.767708,-15.823377,-4.134718,-3.366042,-0.778918,-0.547848,-3.414339,-5.491797,-0.628327,15.315452,-5.567042,-24.893149,15.315450,-5.567044,-24.893157,8.531302,10.742872,12.820013,2.458615,11.964195,11.951140,4.068211,-9.214750,-5.569781,2.808642,-20.822606,-6.795778,-5.637480,2.097852,-0.027031,-5.635042,-0.780001,0.124554,0
2.665386,29.276256,-2.828193,1.201479,-1.865920,0.554777,0.091119,-0.764834,-0.110472,-3.581138,76.252021,60.110203,-3.195971,101.662913,-118.208099,-52.566248,-17.363110,53.509164,-53.956419,-15.326556,51.882609,15.945072,-6.760195,26.417683,15.702357,-7.039257,25.681954,5.012652,-17.738321,-10.381810,4.511176,-20.479317,-10.419596,-8.358959,8.466084,9.053919,-6.887330,-0.606649,9.495379,3.190930,-0.461104,3.505093,0.477675,-0.700845,3.380899,0.363144,-8.822071,-3.034691,0.105960,-13.662296,-3.044721,3.031361,1.441723,-1.840512,2.880198,-3.095557,-1.978704,11.693028,-2.783936,-1.050509,7.103738,-7.110977,-1.555331,0.370901,-5.590146,-1.342265,0.152213,-14.697479,-1.402920,0.542737,5.823820,-4.399690,0.161446,1.132008,-4.887475,14.915499,-2.865789,-6.063114,10.078963,-6.691616,-6.776788,0.087699,-3.742672,-3.935742,-0.767530,-15.820873,-4.134697,-3.366175,-0.794096,-0.548104,-3.414388,-5.495874,-0.628399,15.315452,-5.567042,-24.893151,15.315441,-5.567056,-24.893151,8.549858,10.727247,12.819308,2.463318,11.956316,11.951027,4.065339,-9.244220,-5.573203,2.808729,-20.821834,-6.795714,-5.637477,2.100395,-0.027161,-5.635031,-0.782476,0.124685,0
2.661058,29.260141,-2.837437,-0.006045,-1.914437,-0.625501,0.579152,0.264790,0.624695,-3.576663,76.265253,60.126190,-3.178256,101.679753,-118.219579,-52.562057,-17.368302,53.513290,-53.963584,-15.315431,51.873649,15.956286,-6.754012,26.420372,15.695293,-7.043512,25.677819,5.009366,-17.756278,-10.382133,4.508996,-20.491147,-10.419689,-8.347538,8.393792,9.058336,-6.882517,-0.635616,9.496369,3.189904,-0.447383,3.505410,0.503337,-0.728090,3.382589,0.360570,-8.870686,-3.034898,0.105169,-13.677391,-3.044722,3.030186,1.405034,-1.841670,2.879713,-3.109704,-1.979111,11.687913,-2.798380,-1.053350,7.115267,-7.121918,-1.557553,0.369986,-5.628631,-1.342590,0.152210,-14.697776,-1.402926,0.541282,5.804951,-4.401723,0.161225,1.129370,-4.887732,14.911262,-2.887993,-6.068669,10.082385,-6.689571,-6.776626,0.084885,-3.783488,-3.936728,-0.767206,-15.816663,-4.134659,-3.366336,-0.810396,-0.548394,-3.414403,-5.496660,-0.628409,15.315440,-5.567038,-24.893162,15.315444,-5.567050,-24.893153,8.565636,10.709213,12.817607,2.459597,11.946792,11.948995,4.062320,-9.275103,-5.576793,2.808427,-20.824404,-6.795956,-5.637457,2.103278,-0.027317,-5.635024,-0.786720,0.124913,0
2.656475,29.243458,-2.846932,-0.021239,-2.162291,-0.692022,0.659279,0.314596,0.717685,-3.570699,76.280795,60.143274,-3.158846,101.698827,-118.232575,-52.556926,-17.375863,53.519263,-53.971091,-15.304212,51.864594,15.968847,-6.746868,26.423544,15.686911,-7.048624,25.673549,5.005853,-17.775492,-10.382473,4.506518,-20.504742,-10.419832,-8.328113,8.270591,9.065853,-6.877135,-0.668096,9.497537,3.189491,-0.435011,3.505734,0.530561,-0.758413,3.384385,0.357854,-8.922020,-3.035120,0.104301,-13.693972,-3.044725,3.028932,1.366305,-1.842898,2.879174,-3.124986,-1.979554,11.682758,-2.814367,-1.056500,7.127732,-7.132319,-1.559792,0.369022,-5.669929,-1.342938,0.152202,-14.697924,-1.402928,0.539713,5.784612,-4.403898,0.160979,1.126511,-4.888022,14.906957,-2.911186,-6.074481,10.086083,-6.685133,-6.776068,0.081821,-3.827858,-3.937780,-0.766854,-15.811665,-4.134605,-3.366501,-0.828110,-0.548702,-3.414418,-5.497341,-0.628431,15.315441,-5.567043,-24.893159,15.315453,-5.567044,-24.893158,8.582406,10.690689,12.815906,2.454325,11.936391,11.946534,4.059054,-9.308760,-5.580684,2.808090,-20.827257,-6.796228,-5.637473,2.106465,-0.027488,-5.635010,-0.791647,0.125169,0
21.201026,-20.720752,-1.986557,2.230825,-0.130558,0.837924,3.836985,-1.342945,0.516356,-1.334836,-49.661788,60.653383,-3.007789,-32.161272,-115.534205,-55.038980,-13.564090,50.453893,-55.146152,-13.380387,50.303942,16.694313,-6.679694,25.136238,14.265981,-7.870359,24.994442,4.049792,-22.993365,-10.433031,4.543723,-20.301785,-10.417853,-8.080680,6.712023,9.157461,-6.637881,-2.104410,9.545432,1.949019,5.449590,3.498660,3.337889,-4.313169,3.405026,0.402756,-8.074389,-3.031202,0.202665,-11.844113,-3.043505,3.058471,2.292628,-1.813282,2.886105,-2.924325,-1.973706,8.628726,0.851322,-0.519193,8.428598,-9.784710,-2.044805,0.376443,-5.352745,-1.340216,0.276162,-9.585325,-1.373148,0.554715,5.979765,-4.382966,0.298589,2.763622,-4.721361,11.771111,-0.187505,-5.597355,10.397068,-5.374098,-6.561277,-0.005443,-5.090920,-3.966843,-0.151410,-7.183993,-4.010740,-3.365133,-0.684412,-0.546192,-3.384969,-2.703951,-0.581202,15.315446,-5.567036,-24.893160,15.315445,-5.567044,-24.893156,4.844962,11.864875,12.405581,-2.000854,8.061497,10.818064,4.024420,-9.662805,-5.621646,3.772456,-12.164590,-5.904915,-5.637525,2.017329,-0.022789,-5.637297,0.772068,0.042821,0
21.169269,-20.707007,-1.986659,3.230853,-0.524730,1.091727,8.723510,-2.901995,1.109253,-1.283873,-49.663202,60.711057,-2.972881,-32.274607,-115.547919,-55.070387,-13.510268,50.409985,-55.121664,-13.422053,50.337989,16.670179,-6.695517,25.117703,14.265247,-7.868089,25.007816,4.039159,-23.051245,-10.433104,4.548027,-20.278214,-10.417632,-8.078415,6.697809,9.158256,-6.634553,-2.124285,9.546058,1.961187,5.428266,3.500235,3.317553,-4.361069,3.404237,0.402080,-8.087192,-3.031265,0.208246,-11.739301,-3.043337,3.058777,2.302546,-1.812958,2.887456,-2.884770,-1.972552,8.647701,0.839277,-0.519796,8.389106,-9.765017,-2.037044,0.376054,-5.369807,-1.340361,0.277537,-9.527863,-1.372750,0.554773,5.980460,-4.382888,0.301326,2.796784,-4.717946,11.795678,-0.198860,-5.598105,10.338203,-5.382238,-6.560772,-0.005192,-5.087367,-3.966756,-0.148197,-7.138220,-4.009833,-3.365096,-0.681278,-0.546129,-3.384628,-2.669792,-0.580614,15.315431,-5.567041,-24.893157,15.315441,-5.567044,-24.893156,4.901869,11.869042,12.417190,-2.053811,8.039047,10.809139,4.023831,-9.668790,-5.622329,3.784080,-12.051878,-5.892389,-5.637507,2.017341,-0.022796,-5.637304,0.784291,0.042178,0
21.123940,-20.690721,-1.988006,3.044703,-0.715667,0.947573,9.366014,-2.986726,1.135426,-1.231794,-49.666547,60.770338,-2.940402,-32.385452,-115.563303,-55.102676,-13.454392,50.364406,-55.097259,-13.464139,50.372345,16.644028,-6.712224,25.098480,14.262657,-7.867108,25.021244,4.027848,-23.112778,-10.433194,4.552327,-20.254843,-10.417398,-8.076346,6.684834,9.159005,-6.631097,-2.144994,9.546705,1.973816,5.404074,3.501848,3.296573,-4.410857,3.403452,0.401272,-8.102435,-3.031347,0.219533,-11.526788,-3.042978,3.059094,2.312721,-1.812630,2.888914,-2.842727,-1.971314,8.666850,0.825346,-0.520660,8.349551,-9.744906,-2.029240,0.375646,-5.387589,-1.340516,0.278940,-9.469490,-1.372350,0.554812,5.981187,-4.382810,0.304082,2.830268,-4.714497,11.820070,-0.212209,-5.599236,10.279339,-5.387759,-6.559789,-0.004899,-5.083363,-3.966671,-0.144994,-7.092494,-4.008934,-3.365072,-0.677959,-0.546078,-3.384272,-2.635792,-0.580030,15.315441,-5.567040,-24.893161,15.315442,-5.567052,-24.893153,4.958942,11.869450,12.428167,-2.107983,8.020095,10.800201,4.023305,-9.673951,-5.622923,3.796025,-11.935769,-5.879454,-5.637504,2.017180,-0.022778,-5.637315,0.796356,0.041532,0
21.116132,-20.685044,-1.975250,-1.858989,-2.077448,0.284785,-0.643782,-2.961024,-1.700362,-1.190392,-49.676364,60.827493,-2.847202,-32.473453,-115.608161,-55.131224,-13.405464,50.324450,-55.071736,-13.507701,50.407904,16.613048,-6.731205,25.081315,14.254172,-7.868471,25.034942,4.017884,-23.166994,-10.433213,4.554345,-20.243827,-10.417279,-8.074531,6.673519,9.159627,-6.627436,-2.166926,9.547381,1.981729,5.372806,3.502650,3.272425,-4.452498,3.402979,0.400590,-8.115129,-3.031405,0.222878,-11.463779,-3.042860,3.059361,2.320703,-1.812370,2.890105,-2.808135,-1.970304,8.681252,0.811154,-0.521854,8.314871,-9.724162,-2.021980,0.375214,-5.405587,-1.340674,0.280159,-9.418773,-1.371993,0.554958,5.982906,-4.382622,0.306334,2.857614,-4.711675,11.842473,-0.226906,-5.600749,10.229049,-5.385145,-6.557672,-0.004728,-5.080636,-3.966610,-0.142486,-7.056762,-4.008222,-3.365000,-0.671447,-0.545962,-3.383993,-2.607797,-0.579556,15.315452,-5.567046,-24.893160,15.315449,-5.567053,-24.893159,5.014676,11.868091,12.438571,-2.151117,8.018891,10.793660,4.023153,-9.675618,-5.623126,3.801380,-11.883475,-5.873625,-5.637517,2.018794,-0.022864,-5.637311,0.809015,0.040872,0
21.107930,-20.680511,-1.962066,-1.464234,-2.089499,0.267332,-0.346151,-2.707451,-1.530051,-1.146382,-49.688396,60.888705,-2.741876,-32.573698,-115.661405,-55.160396,-13.355893,50.283934,-55.045905,-13.551786,50.443873,16.580067,-6.751442,25.063876,14.243252,-7.871018,25.048784,4.007553,-23.223255,-10.433272,4.556026,-20.234623,-10.417188,-8.072923,6.663448,9.160213,-6.623626,-2.189725,9.548089,1.989378,5.338255,3.503357,3.247337,-4.494599,3.402567,0.399856,-8.129486,-3.031469,0.226314,-11.399081,-3.042740,3.059592,2.328618,-1.812128,2.891325,-2.772504,-1.969256,8.695150,0.795398,-0.523325,8.280789,-9.702993,-2.014751,0.374775,-5.424214,-1.340832,0.281371,-9.368350,-1.371646,0.555086,5.984793,-4.382420,0.308547,2.884445,-4.708910,11.864452,-0.243411,-5.602653,10.179902,-5.379335,-6.555038,-0.004531,-5.077715,-3.966551,-0.140072,-7.022336,-4.007538,-3.364938,-0.664345,-0.545833,-3.383719,-2.580776,-0.579080,15.315450,-5.567044,-24.893153,15.315443,-5.567040,-24.893151,5.070382,11.863439,12.448337,-2.193749,8.022894,10.787394,4.023098,-9.676158,-5.623186,3.806624,-11.832463,-5.867932,-5.637511,2.020505,-0.022955,-5.637336,0.821635,0.040205,0
21.128750,-20.706968,-1.904112,2.175952,-6.983696,1.910848,-0.880180,-3.100098,-6.596102,-1.148426,-49.677726,60.878684,-2.649487,-32.627393,-115.723235,-55.219327,-13.253437,50.200227,-55.013873,-13.606926,50.488827,16.520914,-6.787671,25.028387,14.231406,-7.873777,25.066156,3.991247,-23.312068,-10.433298,4.563659,-20.193012,-10.416763,-8.070130,6.645915,9.161196,-6.619007,-2.217330,9.548940,2.004487,5.284584,3.504933,3.193170,-4.583889,3.401819,0.399326,-8.139140,-3.031531,0.232356,-11.285695,-3.042516,3.059903,2.337981,-1.811818,2.893340,-2.713784,-1.967534,8.721912,0.775919,-0.524579,8.220324,-9.699194,-2.006782,0.374023,-5.456406,-1.341109,0.282845,-9.306127,-1.371206,0.555203,5.986202,-4.382269,0.311643,2.921872,-4.705043,11.907256,-0.273309,-5.605957,10.092005,-5.389792,-6.553892,-0.003896,-5.068719,-3.966340,-0.137801,-6.989868,-4.006902,-3.364841,-0.653257,-0.545646,-3.383337,-2.542555,-0.578421,15.315447,-5.567046,-24.893162,15.315446,-5.567036,-24.893152,5.156879,11.854607,12.463212,-2.259252,8.021331,10.777452,4.022514,-9.682059,-5.623869,3.813122,-11.769066,-5.860857,-5.637509,2.023445,-0.023107,-5.637350,0.848798,0.038774,0
21.144825,-20.731004,-1.862031,1.990879,-5.692819,1.504239,-0.352814,-2.188576,-4.630901,-1.150385,-49.672402,60.872280,-2.497032,-32.715714,-115.827994,-55.249121,-13.201046,50.157431,-54.998854,-13.632882,50.509976,16.490032,-6.806414,25.010362,14.224398,-7.875886,25.074334,3.983079,-23.356513,-10.433304,4.567512,-20.171962,-10.416551,-8.068884,6.638135,9.161636,-6.616773,-2.230668,9.549345,2.011866,5.256342,3.505658,3.165136,-4.629285,3.401522,0.399066,-8.143956,-3.031551,0.235371,-11.228659,-3.042396,3.060029,2.342227,-1.811684,2.894345,-2.684394,-1.966672,8.734927,0.765806,-0.525283,8.190902,-9.699354,-2.003192,0.373632,-5.472652,-1.341257,0.283536,-9.277536,-1.371007,0.555255,5.986849,-4.382196,0.313074,2.939281,-4.703250,11.928350,-0.289360,-5.607856,10.049390,-5.394159,-6.553206,-0.003566,-5.063872,-3.966239,-0.136884,-6.976742,-4.006630,-3.364781,-0.647482,-0.545543,-3.383162,-2.525045,-0.578126,15.315444,-5.567045,-24.893163,15.315443,-5.567042,-24.893153,5.198651,11.847906,12.469935,-2.290527,8.023598,10.772808,4.022284,-9.684527,-5.624162,3.816037,-11.740581,-5.857670,-5.637514,2.024954,-0.023189,-5.637347,0.862497,0.038048,0
21.153551,-20.821789,-1.865149,-8.634769,-20.648280,-8.416608,-9.976733,-6.686675,-7.937204,-1.130390,-49.663863,60.884798,-2.431844,-32.737424,-115.876536,-55.266646,-13.170962,50.132802,-54.989304,-13.649015,50.523130,16.470787,-6.817971,24.999757,14.226503,-7.873962,25.079595,3.975338,-23.398679,-10.433300,4.574260,-20.135209,-10.416152,-8.067262,6.628003,9.162201,-6.618762,-2.218835,9.548981,2.016561,5.231848,3.506036,3.133665,-4.648359,3.401928,0.398903,-8.147013,-3.031564,0.238441,-11.171054,-3.042271,3.060172,2.346625,-1.811542,2.895400,-2.653686,-1.965778,8.748320,0.761628,-0.525111,8.165900,-9.681120,-1.997555,0.373303,-5.487247,-1.341380,0.284222,-9.249134,-1.370805,0.555172,5.985749,-4.382318,0.314443,2.956026,-4.701524,11.947564,-0.298571,-5.608549,10.013477,-5.383529,-6.550206,-0.002884,-5.053953,-3.966013,-0.136133,-6.966082,-4.006414,-3.364701,-0.640662,-0.545424,-3.382961,-2.506162,-0.577807,15.315441,-5.567039,-24.893164,15.315444,-5.567041,-24.893165,5.240569,11.838668,12.476197,-2.316381,8.032379,10.769235,4.021948,-9.687893,-5.624544,3.818393,-11.717626,-5.855104,-5.637507,2.025485,-0.023222,-5.637364,0.875899,0.037346,0
21.164370,-20.921445,-1.868224,-8.291547,-21.526082,-8.588205,-9.879849,-6.894892,-8.136655,-1.109359,-49.655069,60.897715,-2.381390,-32.753482,-115.915340,-55.282697,-13.142506,50.109547,-54.980892,-13.662699,50.534319,16.451685,-6.829139,24.989896,14.228682,-7.871728,25.084075,3.967649,-23.440566,-10.433301,4.581385,-20.096258,-10.415765,-8.065720,6.618384,9.162731,-6.621335,-2.203376,9.548509,2.020754,5.206687,3.506325,3.100985,-4.664636,3.402453,0.398767,-8.149817,-3.031578,0.241523,-11.113111,-3.042145,3.060300,2.350663,-1.811411,2.896447,-2.622838,-1.964863,8.761470,0.757893,-0.524885,8.142164,-9.662223,-1.991989,0.372953,-5.501728,-1.341503,0.284848,-9.222845,-1.370614,0.555079,5.984379,-4.382465,0.315733,2.971568,-4.699922,11.966275,-0.307818,-5.609273,9.979559,-5.370270,-6.546825,-0.002117,-5.043083,-3.965784,-0.135588,-6.958305,-4.006268,-3.364647,-0.633532,-0.545297,-3.382788,-2.488420,-0.577497,15.315443,-5.567039,-24.893160,15.315450,-5.567042,-24.893153,5.281262,11.827231,12.481803,-2.340277,8.044509,10.766043,4.021643,-9.691004,-5.624897,3.820387,-11.698041,-5.852908,-5.637494,2.025942,-0.023242,-5.637373,0.889350,0.036641,0
21.166992,-20.900512,-1.854748,-0.964059,-0.065619,-0.843552,-1.327232,-2.964400,-2.709766,-1.093373,-49.655484,60.886294,-2.338128,-32.789204,-116.048879,-55.302169,-13.108234,50.081522,-54.976319,-13.671322,50.541307,16.432280,-6.841323,24.978321,14.232357,-7.869789,25.086833,3.961110,-23.476138,-10.433310,4.590172,-20.048222,-10.415244,-8.064202,6.608814,9.163288,-6.625787,-2.176762,9.547689,2.023250,5.170618,3.506225,3.073862,-4.681204,3.402848,0.398759,-8.149818,-3.031573,0.244832,-11.050744,-3.042016,3.060465,2.355987,-1.811242,2.897446,-2.594039,-1.964015,8.774321,0.759083,-0.523957,8.124887,-9.642187,-1.987065,0.372630,-5.515554,-1.341619,0.285484,-9.196327,-1.370432,0.555009,5.983569,-4.382559,0.316653,2.982936,-4.698747,11.982617,-0.307218,-5.608242,9.951232,-5.359400,-6.544058,-0.001342,-5.031920,-3.965529,-0.135013,-6.950134,-4.006101,-3.364567,-0.625338,-0.545153,-3.382662,-2.475283,-0.577269,15.315445,-5.567047,-24.893159,15.315443,-5.567043,-24.893160,5.314457,11.821782,12.487082,-2.356342,8.052700,10.763919,4.021604,-9.691462,-5.624956,3.822373,-11.678689,-5.850749,-5.637499,2.027172,-0.023297,-5.637390,0.902918,0.035931,0
21.166718,-20.886365,-1.846790,-0.934485,-0.252379,-0.928517,-0.895264,-2.276102,-2.066781,-1.077013,-49.656509,60.873086,-2.286903,-32.832775,-116.218457,-55.320846,-13.076520,50.055532,-54.972660,-13.676822,50.545823,16.413858,-6.852584,24.967123,14.235725,-7.867380,25.088681,3.954813,-23.510458,-10.433295,4.599508,-19.997319,-10.414689,-8.062749,6.599707,9.163787,-6.630979,-2.145746,9.546709,2.025095,5.132632,3.506001,3.046610,-4.695477,3.403295,0.398791,-8.149211,-3.031572,0.248185,-10.987737,-3.041863,3.060638,2.361158,-1.811074,2.898427,-2.565497,-1.963185,8.786867,0.761343,-0.522891,8.109589,-9.621538,-1.982314,0.372325,-5.529165,-1.341741,0.286085,-9.171591,-1.370254,0.554931,5.982616,-4.382653,0.317457,2.992723,-4.697738,11.998175,-0.305253,-5.606978,9.925423,-5.346774,-6.541077,-0.000539,-5.020016,-3.965262,-0.134615,-6.944290,-4.005982,-3.364482,-0.616761,-0.545003,-3.382541,-2.463781,-0.577071,15.315446,-5.567045,-24.893151,15.315436,-5.567047,-24.893154,5.345509,11.815388,12.491760,-2.369667,8.063048,10.762270,4.021612,-9.691329,-5.624937,3.824057,-11.662178,-5.848907,-5.637504,2.028440,-0.023376,-5.637394,0.916487,0.035215,0
21.165842,-20.874107,-1.839906,-0.927839,-0.449970,-1.039432,-0.795548,-2.300699,-2.078863,-1.060255,-49.658121,60.858129,-2.232681,-32.880320,-116.410269,-55.338794,-13.044184,50.029101,-54.971349,-13.679381,50.547889,16.395040,-6.864102,24.956303,14.239810,-7.865598,25.089640,3.948714,-23.543658,-10.433268,4.609374,-19.943503,-10.414086,-8.061362,6.591042,9.164274,-6.636883,-2.110384,9.545612,2.026326,5.092705,3.505669,3.019186,-4.707522,3.403807,0.398851,-8.148059,-3.031573,0.251566,-10.923965,-3.041716,3.060789,2.366235,-1.810910,2.899398,-2.537151,-1.962344,8.799149,0.764605,-0.521694,8.096204,-9.600224,-1.977717,0.372005,-5.542581,-1.341847,0.286625,-9.148531,-1.370088,0.554840,5.981541,-4.382774,0.318138,3.000971,-4.696884,12.012957,-0.301990,-5.605514,9.901971,-5.332373,-6.537898,0.000351,-5.007340,-3.964982,-0.134371,-6.940710,-4.005910,-3.364393,-0.607810,-0.544844,-3.382435,-2.453824,-0.576896,15.315456,-5.567048,-24.893160,15.315441,-5.567046,-24.893163,5.374534,11.808035,12.495877,-2.380397,8.075493,10.761082,4.021686,-9.690593,-5.624855,3.825463,-11.648400,-5.847359,-5.637508,2.029717,-0.023445,-5.637410,0.930088,0.034493,0
21.103954,-20.928073,-1.871216,-8.562422,-7.568978,-2.895132,-0.217014,-0.291764,1.327003,-1.061738,-49.674980,60.867779,-2.111476,-32.915089,-116.584258,-55.348850,-13.026358,50.014519,-54.966217,-13.687442,50.554493,16.377659,-6.873592,24.949871,14.242468,-7.863478,25.092320,3.942586,-23.576945,-10.433266,4.619778,-19.886723,-10.413443,-8.060560,6.586068,9.164568,-6.642822,-2.074802,9.544492,2.025658,5.056078,3.505093,2.992169,-4.725123,3.404218,0.398844,-8.148267,-3.031571,0.254733,-10.864558,-3.041575,3.060942,2.370872,-1.810760,2.900347,-2.508932,-1.961513,8.808293,0.762748,-0.521426,8.082954,-9.574921,-1.972580,0.371595,-5.560215,-1.342007,0.287289,-9.120414,-1.369893,0.554620,5.978507,-4.383103,0.318738,3.008260,-4.696120,12.024582,-0.296928,-5.603889,9.877924,-5.312317,-6.533756,0.000855,-5.000214,-3.964809,-0.133458,-6.927730,-4.005656,-3.364325,-0.600382,-0.544716,-3.382304,-2.440671,-0.576676,15.315442,-5.567041,-24.893161,15.315445,-5.567041,-24.893154,5.404840,11.806555,12.501312,-2.391536,8.090745,10.759936,4.021718,-9.690224,-5.624806,3.828682,-11.616961,-5.843835,-5.637498,2.029703,-0.023445,-5.637403,0.942741,0.033820,0
21.023172,-21.002023,-1.909882,-11.524494,-10.730324,-4.014904,-0.152709,-0.320311,1.428081,-1.064320,-49.693559,60.877888,-1.990116,-32.949300,-116.762148,-55.357797,-13.011116,50.002017,-54.962485,-13.694204,50.559980,16.360987,-6.882897,24.944222,14.245677,-7.861623,25.094506,3.936650,-23.609295,-10.433231,4.630648,-19.827322,-10.412777,-8.059886,6.581853,9.164793,-6.649346,-2.035724,9.543274,2.024287,5.018324,3.504414,2.965078,-4.741575,3.404656,0.398845,-8.148200,-3.031564,0.257886,-10.805107,-3.041429,3.061086,2.375367,-1.810615,2.901325,-2.480928,-1.960686,8.816875,0.761087,-0.521160,8.071253,-9.548617,-1.967510,0.371176,-5.578182,-1.342161,0.287951,-9.093084,-1.369701,0.554352,5.975154,-4.383461,0.319224,3.014219,-4.695511,12.035237,-0.290615,-5.602040,9.855741,-5.290195,-6.529358,0.001343,-4.993136,-3.964670,-0.132601,-6.915451,-4.005408,-3.364260,-0.592843,-0.544581,-3.382186,-2.428404,-0.576459,15.315446,-5.567044,-24.893152,15.315442,-5.567038,-24.893159,5.433635,11.805001,12.506430,-2.400612,8.108036,10.759165,4.021804,-9.689394,-5.624708,3.831884,-11.585661,-5.840327,-5.637506,2.029533,-0.023439,-5.637412,0.955289,0.033161,0
20.999700,-21.000448,-1.945078,-4.530202,-3.015597,-4.502097,-1.071510,-3.247684,0.684185,-1.076812,-49.685303,60.867915,-1.905530,-33.085367,-116.896096,-55.379322,-12.972755,49.970625,-54.954230,-13.708431,50.571563,16.341021,-6.895174,24.931266,14.241653,-7.862743,25.098920,3.930089,-23.645022,-10.433206,4.641026,-19.770665,-10.412121,-8.060718,6.586992,9.164502,-6.654389,-2.005513,9.542336,2.019962,4.987673,3.503401,2.949144,-4.750533,3.404938,0.399001,-8.145617,-3.031554,0.260188,-10.761753,-3.041311,3.061351,2.384647,-1.810318,2.901734,-2.468410,-1.960321,8.825352,0.762076,-0.520523,8.067957,-9.526562,-1.964040,0.370853,-5.591501,-1.342271,0.288366,-9.075180,-1.369577,0.554202,5.973098,-4.383682,0.319090,3.012509,-4.695689,12.046112,-0.280913,-5.599538,9.838301,-5.277555,-6.526695,0.001900,-4.984966,-3.964477,-0.131990,-6.906911,-4.005233,-3.364177,-0.585207,-0.544450,-3.382105,-2.420665,-0.576338,15.315445,-5.567045,-24.893152,15.315443,-5.567043,-24.893154,5.466039,11.805340,12.512584,-2.403008,8.120261,10.759239,4.022411,-9.683274,-5.624008,3.835246,-11.552609,-5.836631,-5.637511,2.029925,-0.023455,-5.637414,0.967480,0.032522,0
20.981395,-20.996295,-1.975638,-3.589437,-2.641579,-3.662966,-0.993920,-3.230451,0.670220,-1.091086,-49.676230,60.856618,-1.822522,-33.223240,-117.031350,-55.401663,-12.933661,49.938595,-54.946542,-13.721853,50.582489,16.321361,-6.907649,24.918035,14.236828,-7.864739,25.103198,3.923580,-23.680450,-10.433175,4.651761,-19.712070,-10.411436,-8.061839,6.594042,9.164117,-6.659732,-1.973486,9.541302,2.014639,4.956974,3.502256,2.934577,-4.757531,3.405224,0.399151,-8.142449,-3.031545,0.262395,-10.720438,-3.041216,3.061679,2.394441,-1.809993,2.902087,-2.458080,-1.960015,8.833346,0.763594,-0.519833,8.067058,-9.504198,-1.960828,0.370541,-5.604492,-1.342384,0.288769,-9.059161,-1.369464,0.554030,5.970926,-4.383909,0.318775,3.008660,-4.696087,12.056189,-0.269673,-5.596777,9.823040,-5.264390,-6.524029,0.002482,-4.976689,-3.964294,-0.131464,-6.899457,-4.005087,-3.364114,-0.577448,-0.544304,-3.382048,-2.414277,-0.576221,15.315449,-5.567044,-24.893156,15.315445,-5.567040,-24.893156,5.497688,11.805886,12.518628,-2.402816,8.133540,10.759746,4.023102,-9.676083,-5.623175,3.838634,-11.519415,-5.832906,-5.637492,2.030274,-0.023468,-5.637426,0.979534,0.031890,0
20.965761,-20.986764,-2.006531,-3.397097,-2.724111,-3.552857,-1.176667,-4.077702,0.834672,-1.107085,-49.666364,60.844050,-1.741143,-33.362541,-117.167565,-55.424565,-12.893423,49.905618,-54.938505,-13.734915,50.593156,16.301644,-6.920336,24.904514,14.230821,-7.866720,25.107376,3.917119,-23.715559,-10.433153,4.662825,-19.651652,-10.410716,-8.063246,6.602931,9.163615,-6.665386,-1.939691,9.540250,2.008336,4.926217,3.500972,2.921383,-4.762653,3.405499,0.399338,-8.138701,-3.031521,0.264470,-10.681134,-3.041105,3.062008,2.404739,-1.809662,2.902376,-2.449889,-1.959772,8.840830,0.765626,-0.519085,8.068547,-9.481554,-1.957858,0.370249,-5.617174,-1.342497,0.289091,-9.044989,-1.369363,0.553853,5.968643,-4.384164,0.318287,3.002704,-4.696697,12.065504,-0.256953,-5.593768,9.809915,-5.250730,-6.521355,0.003053,-4.968304,-3.964103,-0.131022,-6.893066,-4.004952,-3.364019,-0.569571,-0.544177,-3.382002,-2.409189,-0.576132,15.315445,-5.567035,-24.893152,15.315445,-5.567043,-24.893155,5.528591,11.806616,12.524573,-2.400046,8.147845,10.760689,4.023924,-9.667858,-5.622234,3.842035,-11.486053,-5.829165,-5.637505,2.030591,-0.023484,-5.637448,0.991461,0.031260,0
20.945984,-20.995285,-2.045387,-10.379105,-7.928646,-8.788258,-7.595122,-6.729218,-3.318461,-1.108256,-49.675412,60.867540,-1.679140,-33.508383,-117.285060,-55.445294,-12.856266,49.875190,-54.929267,-13.750181,50.605607,16.278851,-6.933579,24.891770,14.228800,-7.866255,25.112094,3.911278,-23.747362,-10.433121,4.671733,-19.603030,-10.410114,-8.066054,6.620430,9.162636,-6.670036,-1.911782,9.539355,2.001224,4.897042,3.499604,2.910813,-4.764323,3.405781,0.399420,-8.137602,-3.031520,0.265811,-10.656183,-3.041056,3.062205,2.411389,-1.809454,2.902140,-2.456462,-1.959965,8.849672,0.763582,-0.518877,8.068516,-9.462418,-1.955194,0.369931,-5.630593,-1.342606,0.289445,-9.030660,-1.369254,0.553618,5.965391,-4.384503,0.317445,2.992627,-4.697742,12.078875,-0.252032,-5.592046,9.795473,-5.241000,-6.519281,0.003708,-4.958993,-3.963888,-0.130360,-6.883594,-4.004771,-3.363968,-0.562649,-0.544057,-3.381957,-2.405301,-0.576064,15.315429,-5.567041,-24.893166,15.315451,-5.567049,-24.893153,5.565206,11.798782,12.529976,-2.399703,8.167041,10.761428,4.024988,-9.656878,-5.620955,3.845955,-11.447599,-5.824847,-5.637498,2.031177,-0.023517,-5.637448,1.001959,0.030707,0
20.931655,-21.000579,-2.082580,-10.533062,-8.392719,-9.044200,-8.510902,-7.645554,-3.795334,-1.109755,-49.685245,60.892696,-1.619789,-33.652639,-117.400889,-55.466753,-12.818351,49.844113,-54.921138,-13.764621,50.617341,16.255936,-6.947519,24.878880,14.226902,-7.866977,25.116790,3.905568,-23.778507,-10.433082,4.680658,-19.554247,-10.409524,-8.069265,6.640490,9.161488,-6.674826,-1.883111,9.538448,1.993235,4.868027,3.498122,2.901690,-4.763999,3.406047,0.399462,-8.136333,-3.031516,0.266938,-10.634617,-3.040997,3.062427,2.418018,-1.809231,2.901810,-2.466579,-1.960267,8.858283,0.761486,-0.518681,8.070250,-9.443474,-1.952768,0.369614,-5.643817,-1.342719,0.289753,-9.017830,-1.369161,0.553350,5.961920,-4.384883,0.316442,2.980311,-4.699016,12.092108,-0.246783,-5.590260,9.782628,-5.231319,-6.517281,0.004359,-4.949490,-3.963684,-0.129735,-6.874640,-4.004590,-3.363910,-0.555746,-0.543931,-3.381929,-2.402649,-0.576021,15.315439,-5.567041,-24.893162,15.315449,-5.567050,-24.893152,5.601841,11.790093,12.535207,-2.397507,8.187671,10.762507,4.026193,-9.644722,-5.619566,3.849927,-11.408438,-5.820441,-5.637506,2.031758,-0.023553,-5.637444,1.012192,0.030167,0
20.984936,-20.947792,-2.090901,-0.977312,-2.762393,-4.223877,-8.263540,-9.981171,-3.085990,-1.126939,-49.701606,60.897403,-1.635585,-33.677952,-117.380834,-55.501256,-12.756655,49.793544,-54.915199,-13.774289,50.625231,16.235793,-6.961658,24.858696,14.222978,-7.868042,25.119821,3.900145,-23.808030,-10.433042,4.689070,-19.508284,-10.408965,-8.071732,6.655973,9.160627,-6.677490,-1.867104,9.537934,1.987529,4.847136,3.497068,2.889826,-4.756142,3.406516,0.399947,-8.127436,-3.031472,0.267014,-10.633293,-3.040985,3.062619,2.424206,-1.809033,2.900999,-2.489971,-1.960954,8.868795,0.760714,-0.518183,8.070213,-9.422185,-1.949806,0.369437,-5.652124,-1.342782,0.289813,-9.015555,-1.369154,0.553140,5.959063,-4.385187,0.314964,2.962449,-4.700856,12.107599,-0.242983,-5.588624,9.766129,-5.224400,-6.515622,0.005101,-4.938732,-3.963431,-0.129455,-6.870658,-4.004516,-3.363839,-0.548546,-0.543814,-3.381946,-2.404951,-0.576055,15.315439,-5.567048,-24.893158,15.315443,-5.567044,-24.893156,5.640899,11.786183,12.541773,-2.401257,8.203625,10.762506,4.027306,-9.633309,-5.618243,3.854196,-11.366574,-5.815736,-5.637487,2.032078,-0.023574,-5.637448,1.023477,0.029570,0
21.034002,-20.897743,-2.095002,-0.814028,-2.374523,-3.465386,-7.596496,-9.292731,-2.898533,-1.145699,-49.719185,60.901861,-1.653030,-33.704569,-117.358970,-55.537434,-12.691627,49.740221,-54.910095,-13.783356,50.632596,16.215713,-6.975789,24.837468,14.218971,-7.869629,25.122583,3.894855,-23.836817,-10.433001,4.697472,-19.462498,-10.408378,-8.074460,6.673016,9.159660,-6.680012,-1.852066,9.537449,1.981387,4.827403,3.495971,2.878790,-4.745697,3.407017,0.400478,-8.117417,-3.031419,0.266809,-10.637312,-3.041001,3.062823,2.430320,-1.808838,2.900040,-2.518014,-1.961778,8.879385,0.760064,-0.517653,8.071441,-9.400737,-1.946957,0.369267,-5.659635,-1.342850,0.289793,-9.015897,-1.369155,0.552897,5.956098,-4.385512,0.313287,2.942027,-4.702969,12.123263,-0.239114,-5.586961,9.750484,-5.217878,-6.514057,0.005882,-4.927627,-3.963189,-0.129243,-6.867730,-4.004456,-3.363779,-0.541322,-0.543683,-3.381999,-2.408910,-0.576119,15.315449,-5.567038,-24.893155,15.315451,-5.567032,-24.893151,5.680347,11.782174,12.548370,-2.404238,8.220164,10.762653,4.028522,-9.621014,-5.616820,3.858535,-11.323752,-5.810919,-5.637505,2.032367,-0.023585,-5.637460,1.034714,0.028977,0
21.049714,-20.917130,-2.132595,-6.144545,-8.194334,-11.511599,-8.455104,-5.343388,-5.983262,-1.159808,-49.744522,60.909542,-1.669558,-33.732726,-117.371823,-55.571708,-12.630535,49.690076,-54.902363,-13.795702,50.642682,16.200202,-6.987553,24.817556,14.210192,-7.872670,25.126382,3.890527,-23.860371,-10.432962,4.706854,-19.411129,-10.407728,-8.075785,6.681334,9.159181,-6.681521,-1.842972,9.537160,1.970143,4.812650,3.494220,2.858363,-4.727361,3.407900,0.400918,-8.109254,-3.031373,0.266835,-10.636484,-3.040992,3.062921,2.433812,-1.808733,2.899209,-2.542632,-1.962512,8.884801,0.749328,-0.518931,8.068946,-9.371506,-1.942611,0.369098,-5.666879,-1.342913,0.289841,-9.013825,-1.369136,0.552738,5.954117,-4.385716,0.311569,2.921058,-4.705137,12.136286,-0.251108,-5.588558,9.732852,-5.199889,-6.510553,0.006406,-4.919922,-3.963022,-0.128953,-6.863504,-4.004367,-3.363719,-0.535619,-0.543579,-3.382022,-2.411076,-0.576166,15.315451,-5.567046,-24.893153,15.315442,-5.567047,-24.893157,5.727113,11.778980,12.556485,-2.409549,8.240888,10.762580,4.029745,-9.608535,-5.615389,3.862796,-11.281762,-5.806198,-5.637507,2.033579,-0.023642,-5.637463,1.045263,0.028425,0
21.058005,-20.943969,-2.178448,-6.210327,-8.475348,-11.649865,-7.365678,-4.735198,-5.260131,-1.174848,-49.771571,60.917318,-1.687602,-33.762410,-117.385964,-55.607036,-12.566477,49.637526,-54.895211,-13.807681,50.652442,16.184990,-6.999227,24.796946,14.200719,-7.876660,25.130098,3.886433,-23.882644,-10.432934,4.716379,-19.359152,-10.407057,-8.077117,6.689728,9.158710,-6.682775,-1.835463,9.536919,1.957818,4.799513,3.492345,2.837312,-4.705812,3.408839,0.401384,-8.100451,-3.031331,0.266687,-10.639356,-3.041001,3.063015,2.436905,-1.808623,2.898249,-2.570592,-1.963332,8.889526,0.737298,-0.520442,8.066968,-9.341068,-1.938150,0.368956,-5.673443,-1.342974,0.289850,-9.013532,-1.369138,0.552584,5.952190,-4.385927,0.309664,2.897901,-4.707520,12.149078,-0.265239,-5.590601,9.715638,-5.180611,-6.506870,0.006938,-4.912424,-3.962850,-0.128705,-6.859979,-4.004300,-3.363671,-0.530098,-0.543478,-3.382048,-2.414355,-0.576211,15.315450,-5.567047,-24.893157,15.315446,-5.567036,-24.893156,5.775211,11.775814,12.564853,-2.414558,8.262651,10.762592,4.031031,-9.595307,-5.613858,3.867130,-11.239090,-5.801393,-5.637501,2.034901,-0.023716,-5.637475,1.055673,0.027882,0
21.065325,-20.970152,-2.221560,-5.576629,-7.777281,-10.477665,-6.553813,-4.281742,-4.721992,-1.190781,-49.800257,60.925171,-1.707099,-33.793567,-117.401338,-55.643685,-12.500690,49.583484,-54.888045,-13.819781,50.662291,16.170806,-7.010622,24.775701,14.190414,-7.880938,25.133769,3.882579,-23.903603,-10.432912,4.725985,-19.306593,-10.406372,-8.078465,6.698148,9.158243,-6.683759,-1.829549,9.536726,1.944457,4.787963,3.490345,2.815671,-4.681154,3.409829,0.401885,-8.091005,-3.031286,0.266353,-10.645828,-3.041024,3.063095,2.439594,-1.808540,2.897182,-2.601762,-1.964242,8.893630,0.724019,-0.522182,8.065480,-9.309482,-1.933601,0.368795,-5.679360,-1.343019,0.289817,-9.014976,-1.369140,0.552451,5.950313,-4.386126,0.307589,2.872653,-4.710128,12.161651,-0.281424,-5.593066,9.698842,-5.160128,-6.503006,0.007435,-4.905125,-3.962684,-0.128517,-6.857120,-4.004241,-3.363614,-0.524755,-0.543393,-3.382078,-2.418698,-0.576295,15.315448,-5.567044,-24.893155,15.315451,-5.567048,-24.893164,5.824573,11.772689,12.573433,-2.419281,8.285448,10.762680,4.032398,-9.581350,-5.612250,3.871502,-11.195776,-5.796512,-5.637493,2.036322,-0.023789,-5.637461,1.065910,0.027345,0
21.096909,-20.955490,-2.261573,1.063457,-3.373847,-5.625107,-3.544279,-5.512936,0.212170,-1.221662,-49.802855,60.888557,-1.731849,-33.807260,-117.412598,-55.683508,-12.428883,49.524485,-54.885599,-13.825348,50.666765,16.159411,-7.021118,24.752746,14.182708,-7.885058,25.135259,3.878933,-23.923504,-10.432872,4.736171,-19.250971,-10.405625,-8.077697,6.693321,9.158504,-6.686485,-1.813200,9.536212,1.930953,4.775833,3.488333,2.785757,-4.646405,3.411186,0.402686,-8.075625,-3.031211,0.266597,-10.640912,-3.041008,3.063179,2.442039,-1.808459,2.896479,-2.622503,-1.964857,8.896057,0.715683,-0.523275,8.055764,-9.274940,-1.927677,0.368592,-5.688240,-1.343098,0.289958,-9.009184,-1.369106,0.552184,5.946885,-4.386488,0.305806,2.851094,-4.712355,12.169195,-0.284653,-5.593267,9.678352,-5.137200,-6.498650,0.007733,-4.900677,-3.962583,-0.127733,-6.846038,-4.004015,-3.363542,-0.517958,-0.543269,-3.382090,-2.419557,-0.576316,15.315449,-5.567048,-24.893148,15.315444,-5.567039,-24.893153,5.861360,11.783060,12.582250,-2.423850,8.309538,10.762835,4.033450,-9.570711,-5.611013,3.876674,-11.144865,-5.790772,-5.637501,2.037492,-0.023863,-5.637479,1.075434,0.026832,0
21.126860,-20.939212,-2.296937,0.782392,-2.965986,-4.779451,-3.369162,-5.222284,0.122275,-1.259214,-49.805033,60.842728,-1.758266,-33.820823,-117.424596,-55.724578,-12.354254,49.463144,-54.882625,-13.829538,50.670214,16.148622,-7.032002,24.729320,14.173757,-7.888859,25.136536,3.875462,-23.942348,-10.432835,4.746423,-19.194953,-10.404890,-8.076721,6.687252,9.158841,-6.689187,-1.796973,9.535702,1.916820,4.764763,3.486244,2.754795,-4.608822,3.412575,0.403554,-8.059340,-3.031129,0.266796,-10.637285,-3.041003,3.063247,2.444184,-1.808386,2.895729,-2.644243,-1.965495,8.897869,0.707047,-0.524459,8.045633,-9.239538,-1.921613,0.368387,-5.696919,-1.343166,0.290076,-9.003866,-1.369063,0.551930,5.943359,-4.386871,0.303959,2.828640,-4.714662,12.176037,-0.287955,-5.593530,9.657892,-5.113365,-6.494166,0.008033,-4.896655,-3.962490,-0.126933,-6.834652,-4.003778,-3.363483,-0.511184,-0.543155,-3.382107,-2.420793,-0.576336,15.315446,-5.567038,-24.893157,15.315441,-5.567048,-24.893153,5.897548,11.794713,12.591229,-2.428174,8.334297,10.763042,4.034501,-9.559975,-5.609768,3.881911,-11.093018,-5.784914,-5.637499,2.038690,-0.023915,-5.637477,1.084684,0.026348,0
21.147954,-20.924012,-2.305710,-0.231969,-0.321764,-3.350668,-3.174404,-2.441913,-2.126801,-1.271424,-49.813304,60.822066,-1.758611,-33.818977,-117.427597,-55.757312,-12.293465,49.413209,-54.876843,-13.839063,50.677975,16.132656,-7.043292,24.709865,14.164796,-7.892494,25.139400,3.872389,-23.959107,-10.432817,4.755330,-19.146257,-10.404215,-8.074614,6.673951,9.159619,-6.692468,-1.777437,9.535056,1.901504,4.756470,3.484034,2.722299,-4.573731,3.413922,0.404075,-8.049517,-3.031086,0.267842,-10.617641,-3.040949,3.063376,2.448360,-1.808252,2.895509,-2.650440,-1.965683,8.898921,0.713867,-0.523381,8.036124,-9.202885,-1.915452,0.368120,-5.708650,-1.343269,0.290343,-8.992329,-1.368982,0.551383,5.936416,-4.387617,0.302556,2.811632,-4.716415,12.181787,-0.277697,-5.591180,9.640001,-5.086861,-6.489338,0.008168,-4.894657,-3.962452,-0.125920,-6.820228,-4.003495,-3.363461,-0.508867,-0.543113,-3.382120,-2.420618,-0.576329,15.315451,-5.567043,-24.893151,15.315446,-5.567044,-24.893156,5.925972,11.806972,12.598889,-2.429832,8.357129,10.763617,4.035856,-9.546189,-5.608186,3.887189,-11.040752,-5.779007,-5.637515,2.037957,-0.023875,-5.637479,1.092481,0.025936,0
21.169621,-20.908792,-2.314758,-0.288126,-0.443814,-3.500690,-3.306392,-2.564073,-2.240242,-1.283577,-49.821543,60.800068,-1.758163,-33.815731,-117.430486,-55.791106,-12.232165,49.362757,-54.870973,-13.848706,50.685832,16.117328,-7.055321,24.690312,14.155367,-7.896158,25.142234,3.869544,-23.974598,-10.432784,4.764196,-19.097852,-10.403545,-8.072107,6.658360,9.160498,-6.695788,-1.757447,9.534400,1.885287,4.749581,3.481704,2.688333,-4.535827,3.415300,0.404597,-8.039541,-3.031034,0.268944,-10.597110,-3.040891,3.063505,2.452511,-1.808119,2.895323,-2.655635,-1.965831,8.899225,0.722469,-0.522087,8.026193,-9.164944,-1.909083,0.367838,-5.720671,-1.343374,0.290645,-8.980405,-1.368905,0.550813,5.928865,-4.388426,0.301132,2.794343,-4.718202,12.186717,-0.265679,-5.588532,9.622346,-5.058894,-6.484297,0.008264,-4.893364,-3.962409,-0.124859,-6.805027,-4.003187,-3.363451,-0.507127,-0.543090,-3.382101,-2.420619,-0.576333,15.315445,-5.567044,-24.893155,15.315448,-5.567034,-24.893162,5.952918,11.820708,12.606559,-2.430906,8.380541,10.764298,4.037271,-9.531835,-5.606514,3.892595,-10.987207,-5.772951,-5.637501,2.037011,-0.023835,-5.637492,1.099891,0.025543,0
21.203417,-20.873220,-2.318764,1.500810,2.106015,-1.073898,-3.190255,-2.831599,-0.517920,-1.298815,-49.819505,60.764603,-1.738886,-33.777726,-117.431277,-55.819499,-12.180042,49.319870,-54.865497,-13.857643,50.693123,16.102939,-7.065363,24.673418,14.140727,-7.902756,25.144888,3.868129,-23.982322,-10.432769,4.772419,-19.052907,-10.402926,-8.072601,6.661424,9.160307,-6.700127,-1.731455,9.533574,1.873784,4.744539,3.480052,2.661115,-4.508189,3.416346,0.404807,-8.035744,-3.031006,0.270179,-10.573516,-3.040835,3.063668,2.457711,-1.807958,2.895319,-2.656154,-1.965842,8.900278,0.732193,-0.520576,8.017669,-9.134440,-1.903909,0.367426,-5.738134,-1.343525,0.290910,-8.968872,-1.368807,0.550233,5.921353,-4.389233,0.299948,2.780134,-4.719669,12.189935,-0.251439,-5.585542,9.606960,-5.030148,-6.479203,0.007713,-4.901215,-3.962592,-0.123941,-6.792021,-4.002925,-3.363448,-0.507389,-0.543089,-3.382104,-2.419788,-0.576315,15.315445,-5.567045,-24.893161,15.315440,-5.567050,-24.893152,5.975635,11.840990,12.614734,-2.429747,8.406814,10.765424,4.038324,-9.520995,-5.605261,3.897537,-10.938236,-5.767415,-5.637496,2.036310,-0.023792,-5.637481,1.107167,0.025172,0
21.238774,-20.836321,-2.322966,1.561487,2.158752,-1.194529,-3.489081,-3.112119,-0.594285,-1.314278,-49.816516,60.726784,-1.717240,-33.735395,-117.431764,-55.847908,-12.128195,49.277174,-54.860154,-13.866709,50.700501,16.088874,-7.075918,24.656875,14.125100,-7.909880,25.147472,3.867094,-23.987893,-10.432751,4.780503,-19.008710,-10.402304,-8.073242,6.665396,9.160086,-6.704667,-1.704212,9.532689,1.862258,4.740915,3.478419,2.633727,-4.479814,3.417370,0.404964,-8.032761,-3.030996,0.271505,-10.548740,-3.040763,3.063845,2.463043,-1.807784,2.895339,-2.655197,-1.965820,8.900878,0.743503,-0.518863,8.009004,-9.104006,-1.898741,0.366982,-5.756637,-1.343671,0.291210,-8.957070,-1.368728,0.549629,5.913383,-4.390090,0.298792,2.766128,-4.721112,12.192243,-0.235463,-5.582252,9.592114,-5.000113,-6.473947,0.007029,-4.910968,-3.962819,-0.123023,-6.778704,-4.002656,-3.363445,-0.508427,-0.543098,-3.382082,-2.419008,-0.576305,15.315444,-5.567045,-24.893155,15.315446,-5.567035,-24.893156,5.996558,11.863438,12.623011,-2.427767,8.433942,10.766733,4.039359,-9.510213,-5.604018,3.902492,-10.888898,-5.761831,-5.637494,2.035468,-0.023756,-5.637489,1.114091,0.024800,0
21.275848,-20.797941,-2.327275,1.560155,2.127522,-1.264467,-3.679674,-3.296796,-0.655400,-1.333416,-49.811731,60.677846,-1.685662,-33.674035,-117.431991,-55.875025,-12.076937,49.235030,-54.855253,-13.875992,50.708010,16.074413,-7.085941,24.640667,14.109189,-7.917506,25.150010,3.866377,-23.991867,-10.432730,4.788423,-18.965354,-10.401716,-8.073977,6.670031,9.159816,-6.709324,-1.676269,9.531803,1.850814,4.738313,3.476803,2.606399,-4.451115,3.418370,0.405090,-8.030371,-3.030986,0.272867,-10.523299,-3.040694,3.064014,2.468456,-1.807602,2.895414,-2.653170,-1.965755,8.901109,0.755892,-0.517007,8.000327,-9.073848,-1.893617,0.366546,-5.775752,-1.343834,0.291475,-8.945156,-1.368648,0.548989,5.905112,-4.390977,0.297673,2.752369,-4.722522,12.193878,-0.218342,-5.578788,9.577767,-4.969386,-6.468599,0.006276,-4.922033,-3.963062,-0.122067,-6.765251,-4.002389,-3.363481,-0.509997,-0.543130,-3.382095,-2.418238,-0.576287,15.315446,-5.567035,-24.893157,15.315436,-5.567046,-24.893158,6.016016,11.887261,12.631298,-2.425245,8.461535,10.768144,4.040421,-9.499548,-5.602792,3.907465,-10.839665,-5.756253,-5.637496,2.034524,-0.023694,-5.637503,1.120747,0.024446,0
21.289903,-20.774388,-2.323872,1.289803,1.617594,-0.189774,-0.647366,-1.628685,-0.658868,-1.348007,-49.809120,60.654253,-1.682171,-33.662773,-117.462703,-55.898981,-12.033137,49.198926,-54.851112,-13.882152,50.713059,16.064959,-7.093528,24.626701,14.095170,-7.923455,25.151703,3.865353,-23.997406,-10.432724,4.796336,-18.922181,-10.401071,-8.076486,6.685751,9.158925,-6.712957,-1.654527,9.531091,1.837982,4.739649,3.475034,2.584370,-4.437132,3.419046,0.404859,-8.034528,-3.030998,0.273950,-10.502725,-3.040638,3.064045,2.469541,-1.807576,2.895481,-2.651294,-1.965705,8.897758,0.766308,-0.515647,7.994729,-9.050099,-1.889720,0.365888,-5.803857,-1.344077,0.291520,-8.943711,-1.368640,0.548002,5.892315,-4.392348,0.296474,2.737965,-4.724006,12.191219,-0.205191,-5.576344,9.567044,-4.947104,-6.464723,0.004637,-4.945399,-3.963592,-0.122122,-6.765696,-4.002397,-3.363516,-0.515455,-0.543235,-3.382080,-2.419639,-0.576317,15.315445,-5.567044,-24.893155,15.315439,-5.567046,-24.893159,6.032750,11.906089,12.638105,-2.419108,8.483958,10.769944,4.040880,-9.494780,-5.602232,3.910479,-10.809475,-5.752820,-5.637505,2.034512,-0.023700,-5.637495,1.129095,0.024006,0
21.308810,-20.753755,-2.326071,1.947349,1.158366,-1.010198,-0.685640,-1.715137,-0.703901,-1.361220,-49.805655,60.632256,-1.678353,-33.650765,-117.495672,-55.919545,-11.994931,49.167462,-54.847753,-13.888176,50.717944,16.055496,-7.100670,24.614636,14.081093,-7.929966,25.153257,3.865136,-23.998601,-10.432749,4.804115,-18.879627,-10.400463,-8.078321,6.697231,9.158291,-6.716603,-1.632634,9.530356,1.822508,4.744901,3.472930,2.562935,-4.424611,3.419672,0.404492,-8.041659,-3.031039,0.275064,-10.481881,-3.040575,3.063949,2.466598,-1.807667,2.895586,-2.648250,-1.965607,8.895033,0.781907,-0.513487,7.989470,-9.027298,-1.886011,0.365197,-5.833264,-1.344325,0.291522,-8.943492,-1.368634,0.546899,5.877957,-4.393894,0.295294,2.723625,-4.725473,12.190316,-0.190946,-5.573589,9.557242,-4.924972,-6.460915,0.002881,-4.970879,-3.964163,-0.122253,-6.767819,-4.002434,-3.363607,-0.524401,-0.543391,-3.382110,-2.421365,-0.576342,15.315437,-5.567041,-24.893156,15.315441,-5.567045,-24.893163,6.051725,11.925232,12.645407,-2.411863,8.506367,10.771941,4.040754,-9.495993,-5.602377,3.913273,-10.781643,-5.749675,-5.637496,2.034099,-0.023666,-5.637493,1.137391,0.023576,0
21.324009,-20.726205,-2.326405,1.916541,1.082773,-1.045021,-0.131732,-2.629821,-1.000039,-1.374378,-49.801521,60.609880,-1.691726,-33.655291,-117.513081,-55.938852,-11.959136,49.137959,-54.848190,-13.887134,50.717110,16.046748,-7.107446,24.603366,14.068355,-7.936294,25.152760,3.865281,-23.997796,-10.432739,4.813191,-18.830012,-10.399732,-8.080312,6.709716,9.157586,-6.720280,-1.610592,9.529654,1.806404,4.752194,3.470762,2.548166,-4.411963,3.420163,0.404016,-8.050562,-3.031094,0.276054,-10.463154,-3.040531,3.063825,2.462511,-1.807793,2.895609,-2.647635,-1.965593,8.891754,0.799273,-0.511097,7.984400,-9.010389,-1.883124,0.364454,-5.864550,-1.344597,0.291559,-8.942042,-1.368624,0.545709,5.862512,-4.395545,0.294505,2.714263,-4.726444,12.188728,-0.175834,-5.570711,9.548789,-4.906961,-6.457793,0.000907,-4.999302,-3.964795,-0.122409,-6.769884,-4.002482,-3.363709,-0.534911,-0.543571,-3.382097,-2.420841,-0.576336,15.315437,-5.567036,-24.893162,15.315445,-5.567038,-24.893159,6.069654,11.945239,12.652716,-2.404969,8.529917,10.773916,4.040471,-9.499012,-5.602730,3.915508,-10.759490,-5.747157,-5.637511,2.033635,-0.023650,-5.637502,1.145424,0.023155,0
21.339506,-20.698249,-2.326888,2.170187,1.167013,-1.234607,-0.157571,-3.032129,-1.162089,-1.387492,-49.796721,60.587153,-1.706335,-33.660622,-117.531037,-55.956784,-11.925651,49.110368,-54.849718,-13.885386,50.715654,16.038553,-7.113770,24.592892,14.055894,-7.942794,25.151854,3.865785,-23.995032,-10.432745,4.822360,-18.779834,-10.398998,-8.082458,6.723170,9.156836,-6.723982,-1.588392,9.528902,1.789659,4.761489,3.468503,2.534882,-4.400475,3.420588,0.403452,-8.061201,-3.031135,0.277037,-10.444528,-3.040479,3.063673,2.457305,-1.807968,2.895637,-2.646437,-1.965558,8.887920,0.818345,-0.508492,7.979626,-8.995129,-1.880506,0.363667,-5.897653,-1.344868,0.291568,-8.941415,-1.368617,0.544451,5.845998,-4.397320,0.293806,2.705716,-4.727318,12.186440,-0.159865,-5.567700,9.541283,-4.889678,-6.454835,-0.001256,-5.030617,-3.965497,-0.122642,-6.773308,-4.002548,-3.363817,-0.546939,-0.543780,-3.382105,-2.420225,-0.576331,15.315445,-5.567048,-24.893159,15.315450,-5.567040,-24.893155,6.086591,11.966103,12.659996,-2.397217,8.553633,10.776035,4.040000,-9.503780,-5.603286,3.917469,-10.740075,-5.744949,-5.637500,2.033097,-0.023614,-5.637512,1.153393,0.022729,0
21.355271,-20.669912,-2.327520,1.999654,1.025849,-1.181577,-0.151255,-2.840297,-1.095378,-1.400554,-49.791291,60.564067,-1.722125,-33.666726,-117.549512,-55.973033,-11.894729,49.084910,-54.851380,-13.881802,50.712768,16.030814,-7.119277,24.583163,14.042593,-7.949145,25.150521,3.866648,-23.990355,-10.432752,4.831635,-18.729105,-10.398241,-8.084745,6.737565,9.156025,-6.727698,-1.566072,9.528185,1.772293,4.772732,3.466173,2.523016,-4.390107,3.420962,0.402795,-8.073531,-3.031198,0.278023,-10.426008,-3.040426,3.063471,2.451018,-1.808175,2.895704,-2.644676,-1.965505,8.883531,0.839103,-0.505672,7.975132,-8.981495,-1.878140,0.362864,-5.932551,-1.345168,0.291568,-8.941552,-1.368619,0.543092,5.828459,-4.399195,0.293160,2.697930,-4.728121,12.183480,-0.143065,-5.564572,9.534700,-4.873106,-6.452011,-0.003620,-5.064724,-3.966258,-0.122990,-6.778041,-4.002641,-3.363944,-0.560453,-0.544014,-3.382081,-2.419543,-0.576314,15.315444,-5.567038,-24.893161,15.315447,-5.567043,-24.893152,6.102575,11.987792,12.667276,-2.388632,8.577505,10.778315,4.039364,-9.510277,-5.604023,3.919136,-10.723333,-5.743048,-5.637508,2.032514,-0.023590,-5.637504,1.161302,0.022306,0
21.361226,-20.660844,-2.330679,0.542302,-1.274950,-1.691048,-0.289894,-2.542195,-1.249543,-1.404888,-49.794890,60.531736,-1.742501,-33.660211,-117.543891,-55.982876,-11.876189,49.069633,-54.850702,-13.882959,50.713708,16.018244,-7.126254,24.576947,14.033390,-7.953468,25.150635,3.868059,-23.982714,-10.432765,4.838757,-18.690232,-10.397662,-8.084573,6.736363,9.156078,-6.731789,-1.541595,9.527391,1.759495,4.773137,3.464395,2.513493,-4.388082,3.421184,0.401936,-8.089810,-3.031284,0.278748,-10.412616,-3.040384,3.063095,2.439185,-1.808549,2.895769,-2.642689,-1.965443,8.883906,0.866326,-0.501605,7.969127,-8.960300,-1.874578,0.362105,-5.965282,-1.345439,0.291722,-8.935028,-1.368575,0.541721,5.810737,-4.401102,0.293083,2.696974,-4.728220,12.187951,-0.120908,-5.559934,9.525403,-4.856079,-6.449053,-0.005869,-5.097135,-3.966977,-0.123046,-6.779007,-4.002663,-3.364075,-0.574233,-0.544261,-3.382050,-2.415295,-0.576236,15.315446,-5.567042,-24.893155,15.315439,-5.567052,-24.893156,6.124196,12.005179,12.674779,-2.385710,8.600815,10.779661,4.038207,-9.522173,-5.605396,3.920459,-10.710188,-5.741548,-5.637499,2.032526,-0.023595,-5.637521,1.170550,0.021812,0
21.367133,-20.652011,-2.334040,0.510969,-1.337943,-1.714062,-0.294071,-2.541849,-1.255896,-1.408495,-49.798651,60.498391,-1.764250,-33.653365,-117.536840,-55.991229,-11.861157,49.057212,-54.850225,-13.883779,50.714376,16.005775,-7.133417,24.571831,14.024559,-7.957521,25.150630,3.869824,-23.973130,-10.432772,4.845643,-18.652485,-10.397078,-8.084166,6.733829,9.156221,-6.735924,-1.516749,9.526567,1.746805,4.773700,3.462629,2.505474,-4.388077,3.421359,0.400973,-8.108002,-3.031375,0.279408,-10.399986,-3.040341,3.062668,2.425724,-1.808982,2.895854,-2.640230,-1.965385,8.884486,0.895776,-0.497197,7.963162,-8.939402,-1.871062,0.361288,-5.999161,-1.345721,0.291875,-8.928280,-1.368527,0.540304,5.792142,-4.403093,0.293142,2.697561,-4.728155,12.192864,-0.097374,-5.555006,9.516504,-4.839564,-6.446197,-0.008277,-5.131594,-3.967749,-0.123146,-6.780547,-4.002690,-3.364213,-0.589267,-0.544516,-3.382006,-2.410532,-0.576152,15.315446,-5.567045,-24.893162,15.315451,-5.567040,-24.893155,6.145795,12.022667,12.682323,-2.382885,8.624133,10.781007,4.036834,-9.536187,-5.607023,3.921510,-10.699695,-5.740363,-5.637498,2.032565,-0.023601,-5.637515,1.179927,0.021327,0
21.378970,-20.614988,-2.323824,2.000699,0.894704,0.229703,0.259512,-4.551109,-1.273013,-1.411849,-49.802808,60.478967,-1.782591,-33.628101,-117.531792,-55.995361,-11.853165,49.050629,-54.848212,-13.887593,50.717461,15.979450,-7.146563,24.568565,14.016025,-7.961705,25.151675,3.870635,-23.968617,-10.432786,4.851318,-18.621451,-10.396615,-8.082467,6.723243,9.156821,-6.739992,-1.492351,9.525765,1.738070,4.770213,3.461379,2.508805,-4.395427,3.421206,0.399231,-8.140969,-3.031528,0.280082,-10.387345,-3.040315,3.062030,2.405489,-1.809646,2.896151,-2.631811,-1.965132,8.890801,0.930509,-0.491648,7.960146,-8.924321,-1.868671,0.360419,-6.036513,-1.346036,0.291979,-8.923994,-1.368499,0.538960,5.774829,-4.404947,0.293282,2.699385,-4.727976,12.206601,-0.074259,-5.549624,9.506069,-4.831169,-6.444589,-0.010631,-5.165609,-3.968497,-0.123116,-6.780123,-4.002693,-3.364343,-0.603630,-0.544772,-3.381950,-2.404857,-0.576055,15.315434,-5.567041,-24.893158,15.315438,-5.567042,-24.893161,6.174795,12.034770,12.690202,-2.384516,8.644621,10.781528,4.035476,-9.550067,-5.608626,3.922392,-10.690943,-5.739373,-5.637492,2.032587,-0.023589,-5.637509,1.188801,0.020862,0
21.390760,-20.573792,-2.312356,1.887881,0.819223,0.220090,0.275520,-4.814667,-1.348254,-1.414556,-49.807151,60.459839,-1.801825,-33.601002,-117.525689,-55.997187,-11.849621,49.047717,-54.845993,-13.891308,50.720485,15.951127,-7.160120,24.566436,14.007599,-7.965678,25.152753,3.871629,-23.963279,-10.432797,4.856650,-18.592311,-10.396164,-8.080423,6.710455,9.157537,-6.744087,-1.467710,9.524947,1.730007,4.766257,3.460227,2.514995,-4.405467,3.420957,0.397292,-8.177591,-3.031715,0.280719,-10.375322,-3.040279,3.061324,2.382968,-1.810369,2.896482,-2.622154,-1.964843,8.898109,0.967819,-0.485651,7.957599,-8.910321,-1.866480,0.359504,-6.075305,-1.346362,0.292084,-8.919862,-1.368465,0.537599,5.757008,-4.406850,0.293543,2.702645,-4.727645,12.221965,-0.050079,-5.543918,9.495741,-4.824364,-6.443248,-0.013089,-5.201221,-3.969286,-0.123107,-6.779876,-4.002677,-3.364515,-0.618905,-0.545046,-3.381875,-2.398622,-0.575948,15.315447,-5.567039,-24.893160,15.315438,-5.567048,-24.893156,6.204817,12.046168,12.698145,-2.386844,8.664741,10.781905,4.033946,-9.565628,-5.610426,3.923022,-10.684591,-5.738649,-5.637500,2.032642,-0.023601,-5.637520,1.197707,0.020397,0
11.029214,30.800617,-1.244682,-56.639573,114.863728,26.710354,81.208915,88.818713,16.488470,3.879390,64.644135,65.884355,-2.557728,86.510126,-110.954434,-55.666992,-12.458756,49.549028,-53.663574,-15.775135,52.243250,17.050301,-6.590130,24.799992,13.717814,-7.998414,25.775793,3.729058,-24.739361,-10.430432,3.770934,-24.511407,-10.431341,-7.969929,6.019690,9.195953,-6.683625,-1.830382,9.536763,2.655206,1.290487,3.513209,4.012618,-4.922890,3.367924,0.350772,-9.055018,-3.035663,0.131565,-13.180929,-3.044704,3.052085,2.091216,-1.819769,2.886776,-2.904865,-1.973136,8.927888,-2.413181,-0.989067,8.602218,-13.061866,-2.559044,0.356356,-6.209092,-1.347482,0.265518,-10.029186,-1.376173,0.567508,6.147199,-4.364957,0.303144,2.818863,-4.715671,12.182846,-1.188077,-5.771125,10.421304,-7.813681,-6.997673,-0.051655,-5.756105,-3.981367,-0.363712,-10.191086,-4.064424,-3.364807,-0.651263,-0.545606,-3.385809,-2.787959,-0.582643,15.315437,-5.567042,-24.893164,15.315446,-5.567042,-24.893161,5.480798,12.065019,12.563781,2.207981,7.429085,11.350550,3.806742,-11.831432,-5.867823,3.599939,-13.810684,-6.085240,-5.637459,2.119608,-0.028166,-5.637529,1.177671,0.021446,0
10.122123,31.116542,-1.180929,-46.536761,150.577144,26.891963,108.660050,96.524503,15.984248,3.513029,66.488330,65.785607,-2.239851,88.408491,-110.711074,-55.665513,-12.461729,49.551458,-53.452530,-16.092162,52.497331,17.082843,-6.574205,24.802357,13.700575,-7.988669,25.885448,3.819063,-24.249328,-10.432138,3.774451,-24.492240,-10.431387,-7.976114,6.058329,9.193837,-6.687665,-1.806142,9.535976,2.658666,1.321281,3.514095,4.031448,-4.885016,3.368720,0.352754,-9.017950,-3.035515,0.131517,-13.181919,-3.044709,3.052685,2.110464,-1.819145,2.888308,-2.860285,-1.971826,8.935713,-2.378722,-0.983868,8.627639,-13.020460,-2.557347,0.357548,-6.159179,-1.347066,0.265592,-10.025978,-1.376153,0.569297,6.170581,-4.362444,0.303938,2.828411,-4.714687,12.201724,-1.176307,-5.767995,10.460081,-7.785063,-6.995338,-0.048102,-5.705060,-3.980270,-0.362340,-10.171847,-4.064121,-3.364715,-0.641733,-0.545436,-3.385814,-2.787946,-0.582638,15.315447,-5.567041,-24.893151,15.315452,-5.567039,-24.893151,5.514335,12.061276,12.569504,2.254436,7.499533,11.364345,3.807390,-11.825017,-5.867100,3.600840,-13.802261,-6.084322,-5.637460,2.117441,-0.028066,-5.637525,1.183468,0.021142,0
9.372261,31.726216,-1.392531,-27.360600,120.619836,19.440619,75.380277,37.086626,48.432908,3.065141,66.927308,65.830954,-2.073288,90.236195,-109.879380,-55.656661,-12.477325,49.564287,-53.349379,-16.244344,52.619089,17.101502,-6.563747,24.808141,13.690341,-7.984526,25.938583,3.857749,-24.038748,-10.432648,3.780766,-24.457786,-10.431519,-7.980003,6.082562,9.192507,-6.691083,-1.785646,9.535320,2.661074,1.363235,3.515125,4.061351,-4.844243,3.369307,0.354619,-8.982848,-3.035380,0.130065,-13.208989,-3.044711,3.053075,2.122822,-1.818746,2.888801,-2.845982,-1.971404,8.949797,-2.344948,-0.978737,8.660758,-12.993222,-2.559173,0.358514,-6.117701,-1.346719,0.265128,-10.045132,-1.376281,0.570736,6.189402,-4.360418,0.303528,2.823546,-4.715188,12.230664,-1.176116,-5.766746,10.503014,-7.785704,-6.998612,-0.044909,-5.659225,-3.979283,-0.362278,-10.170961,-4.064101,-3.364647,-0.633058,-0.545292,-3.385918,-2.798055,-0.582813,15.315435,-5.567045,-24.893163,15.315444,-5.567049,-24.893159,5.562111,12.043946,12.575427,2.303754,7.534245,11.374572,3.808273,-11.816391,-5.866143,3.601250,-13.798219,-6.083892,-5.637461,2.116970,-0.028038,-5.637523,1.191730,0.020703,0
8.601794,32.328509,-1.529098,-24.153743,146.114842,20.598306,96.917502,51.470476,42.058309,2.684733,67.556172,65.834174,-1.902050,92.185541,-109.175262,-55.647467,-12.493582,49.577659,-53.264605,-16.369227,52.718860,17.119403,-6.553945,24.814247,13.681624,-7.981357,25.982156,3.877178,-23.933050,-10.432842,3.788356,-24.416506,-10.431652,-7.984006,6.107562,9.191123,-6.695116,-1.761441,9.534545,2.661381,1.409303,3.516067,4.091075,-4.797675,3.370171,0.356512,-8.947136,-3.035221,0.128426,-13.240005,-3.044715,3.053446,2.134036,-1.818390,2.889178,-2.834946,-1.971091,8.964658,-2.310073,-0.973417,8.694326,-12.965998,-2.561050,0.359460,-6.077169,-1.346377,0.264620,-10.066027,-1.376420,0.572086,6.207057,-4.358518,0.302973,2.816670,-4.715895,12.261618,-1.178094,-5.765840,10.545249,-7.788890,-7.002287,-0.041676,-5.612730,-3.978280,-0.362210,-10.169863,-4.064088,-3.364557,-0.624826,-0.545145,-3.386024,-2.808697,-0.582997,15.315442,-5.567047,-24.893162,15.315446,-5.567044,-24.893160,5.613782,12.021506,12.581076,2.352511,7.569387,11.384815,3.809323,-11.806266,-5.865017,3.602057,-13.790723,-6.083082,-5.637467,2.116497,-0.028005,-5.637528,1.201120,0.020214,0
6.565949,32.895287,-1.641881,-194.249712,276.673256,32.427661,133.576221,185.406634,50.588917,2.613085,68.761799,65.913763,-2.269444,93.607257,-109.610131,-55.598329,-12.582027,49.650293,-53.168284,-16.509720,52.830986,17.151760,-6.531483,24.843664,13.669377,-7.979300,26.031623,3.900581,-23.805680,-10.433046,3.804978,-24.326092,-10.431922,-7.987950,6.132180,9.189792,-6.704621,-1.704555,9.532693,2.627128,1.519302,3.515493,4.155708,-4.650650,3.374024,0.359442,-8.891855,-3.034991,0.127060,-13.265789,-3.044722,3.053937,2.149829,-1.817878,2.890268,-2.803174,-1.970163,8.976979,-2.212100,-0.958601,8.749232,-12.908327,-2.562013,0.361244,-6.001253,-1.345739,0.264716,-10.061929,-1.376389,0.574280,6.235815,-4.355419,0.303263,2.820183,-4.715539,12.309338,-1.166285,-5.761462,10.614832,-7.878523,-7.023937,-0.035165,-5.518896,-3.976256,-0.359338,-10.129497,-4.063434,-3.364414,-0.610150,-0.544884,-3.386207,-2.826825,-0.583314,15.315453,-5.567042,-24.893158,15.315440,-5.567051,-24.893164,5.727732,11.994705,12.597682,2.475443,7.593718,11.403315,3.812320,-11.776902,-5.861727,3.608829,-13.727055,-6.076203,-5.637466,2.117300,-0.028056,-5.637542,1.239096,0.018211,0
5.528706,33.157944,-1.707810,-67.456295,131.200603,14.972494,83.186676,93.053926,24.547583,2.497909,70.387630,65.974281,-2.573212,95.381654,-109.987974,-55.571563,-12.631365,49.690730,-53.025968,-16.715598,52.995049,17.167759,-6.520049,24.859692,13.672349,-7.965479,26.104822,3.912840,-23.738894,-10.433131,3.814229,-24.275621,-10.432072,-7.989765,6.143458,9.189184,-6.709872,-1.672974,9.531684,2.606374,1.578309,3.514939,4.185271,-4.518147,3.378536,0.360875,-8.864720,-3.034875,0.126319,-13.279238,-3.044725,3.054154,2.156530,-1.817663,2.890768,-2.788927,-1.969742,8.982609,-2.160530,-0.950791,8.776273,-12.879260,-2.562348,0.362126,-5.964225,-1.345431,0.264816,-10.058251,-1.376364,0.575271,6.249005,-4.353997,0.303373,2.821613,-4.715393,12.333726,-1.160924,-5.759354,10.648256,-7.930292,-7.036021,-0.031846,-5.471386,-3.975219,-0.357714,-10.106807,-4.063072,-3.364349,-0.603213,-0.544765,-3.386302,-2.836070,-0.583458,15.315449,-5.567046,-24.893167,15.315452,-5.567034,-24.893159,5.788159,11.978868,12.606137,2.538185,7.603368,11.412443,3.813987,-11.760576,-5.859916,3.612777,-13.689792,-6.072162,-5.637461,2.117794,-0.028077,-5.637529,1.260070,0.017115,0
5.137694,33.288126,-1.795673,-26.416315,90.905654,9.326324,30.693383,71.891831,22.159270,2.689671,71.140851,66.626182,-3.218322,95.921595,-110.153162,-55.527707,-12.709382,49.754771,-52.999133,-16.753501,53.025244,17.160131,-6.517659,24.884126,13.654708,-7.972223,26.118254,3.921132,-23.693755,-10.433183,3.821450,-24.236333,-10.432195,-7.991361,6.153438,9.188617,-6.714639,-1.644391,9.530753,2.586967,1.635492,3.514428,4.167777,-4.062972,3.397260,0.362132,-8.840786,-3.034769,0.126508,-13.275930,-3.044718,3.054547,2.168656,-1.817274,2.891245,-2.775108,-1.969343,8.990052,-2.093641,-0.940636,8.800383,-12.826195,-2.558407,0.363007,-5.926249,-1.345121,0.264816,-10.058246,-1.376362,0.576698,6.267555,-4.351992,0.303366,2.821558,-4.715396,12.358837,-1.131927,-5.752453,10.688943,-7.963449,-7.045266,-0.029015,-5.430519,-3.974322,-0.356406,-10.088296,-4.062784,-3.364264,-0.593393,-0.544593,-3.386363,-2.841205,-0.583545,15.315444,-5.567040,-24.893151,15.315443,-5.567049,-24.893158,5.833283,11.982848,12.615434,2.755767,7.642723,11.444876,3.816649,-11.734522,-5.856994,3.617524,-13.644980,-6.067303,-5.637468,2.116521,-0.028010,-5.637552,1.277458,0.016185,0
4.608721,33.528224,-1.860040,-26.264895,103.901408,10.914631,49.074665,69.705244,20.082173,2.817204,71.977885,67.154325,-3.716346,96.627015,-110.272983,-55.479832,-12.794598,49.824661,-52.972628,-16.791356,53.055374,17.149060,-6.516646,24.910730,13.637643,-7.978246,26.131329,3.929394,-23.648786,-10.433213,3.829224,-24.194072,-10.432310,-7.992787,6.162392,9.188120,-6.719789,-1.613560,9.529748,2.564688,1.695852,3.513689,4.142717,-3.533927,3.419002,0.363379,-8.817679,-3.034669,0.126791,-13.270892,-3.044726,3.054923,2.180496,-1.816896,2.891649,-2.762686,-1.968971,8.997301,-2.022555,-0.929852,8.823809,-12.769743,-2.553764,0.363890,-5.888852,-1.344796,0.264837,-10.057358,-1.376355,0.578071,6.285828,-4.350041,0.303327,2.821038,-4.715449,12.384532,-1.100265,-5.744963,10.729498,-7.999981,-7.055171,-0.026196,-5.389968,-3.973440,-0.354982,-10.068226,-4.062449,-3.364166,-0.583528,-0.544418,-3.386414,-2.845954,-0.583635,15.315444,-5.567039,-24.893159,15.315451,-5.567042,-24.893153,5.879310,11.987372,12.625026,3.119264,7.708498,11.499374,3.819600,-11.705810,-5.853779,3.622871,-13.594607,-6.061847,-5.637466,2.115091,-0.027944,-5.637557,1.296061,0.015212,0
3.752983,33.473763,-2.034438,-65.645738,63.685163,-9.547985,54.262823,71.316316,14.889077,2.082570,73.200933,66.640259,-3.773317,97.104532,-110.181506,-55.437662,-12.869366,49.885944,-52.957124,-16.813307,53.072848,17.132832,-6.518488,24.933635,13.621663,-7.985072,26.138921,3.939349,-23.594602,-10.433245,3.836604,-24.153880,-10.432389,-7.993574,6.167221,9.187872,-6.725533,-1.579080,9.528609,2.568045,1.717808,3.514385,4.149252,-3.495694,3.420504,0.364139,-8.803071,-3.034609,0.127568,-13.255941,-3.044720,3.055009,2.183318,-1.816800,2.892176,-2.747265,-1.968522,9.017693,-2.002913,-0.926664,8.849539,-12.711342,-2.549176,0.364327,-5.870130,-1.344642,0.264542,-10.069052,-1.376442,0.578888,6.296536,-4.348870,0.303150,2.818756,-4.715678,12.415986,-1.113452,-5.746258,10.766810,-8.063731,-7.069987,-0.024553,-5.366469,-3.972934,-0.354471,-10.061063,-4.062328,-3.364135,-0.579131,-0.544332,-3.386509,-2.855095,-0.583795,15.315447,-5.567047,-24.893159,15.315450,-5.567048,-24.893159,5.939718,11.967448,12.632585,3.185765,7.639358,11.498822,3.821623,-11.686052,-5.851580,3.624468,-13.579664,-6.060222,-5.637463,2.113128,-0.027836,-5.637548,1.303995,0.014792,0
2.914071,33.564171,-2.164245,-56.323594,85.549505,-2.885736,65.061871,72.468105,15.896558,1.381268,74.576297,66.140414,-3.828800,97.730134,-110.089797,-55.393365,-12.948272,49.950566,-52.943674,-16.832856,53.088381,17.113237,-6.522121,24.957730,13.606382,-7.991630,26.145458,3.949496,-23.539365,-10.433270,3.844376,-24.111612,-10.432492,-7.994115,6.170646,9.187675,-6.731669,-1.542304,9.527396,2.572604,1.736964,3.515129,4.153508,-3.455903,3.422094,0.364826,-8.790343,-3.034550,0.128520,-13.238212,-3.044729,3.055047,2.184643,-1.816766,2.892693,-2.732576,-1.968080,9.039728,-1.987054,-0.924020,8.874956,-12.650005,-2.544035,0.364685,-5.854523,-1.344512,0.264251,-10.081770,-1.376520,0.579611,6.305956,-4.347859,0.302901,2.815866,-4.715981,12.448671,-1.130725,-5.748348,10.803485,-8.133931,-7.086048,-0.023126,-5.345637,-3.972467,-0.354010,-10.054444,-4.062228,-3.364092,-0.575478,-0.544282,-3.386593,-2.864507,-0.583956,15.315444,-5.567040,-24.893154,15.315441,-5.567047,-24.893157,6.002810,11.944579,12.640011,3.254459,7.558152,11.496810,3.823738,-11.665407,-5.849268,3.625993,-13.565184,-6.058650,-5.637472,2.110975,-0.027720,-5.637552,1.311439,0.014403,0
2.085581,33.744439,-2.266389,-49.360209,98.116159,1.444571,70.874367,71.954768,16.268290,0.760823,75.978173,65.686568,-3.889056,98.548061,-109.989207,-55.346312,-13.031110,50.018392,-52.932175,-16.848997,53.101231,17.089915,-6.527029,24.983071,13.591252,-7.998257,26.150967,3.959811,-23.483147,-10.433287,3.852498,-24.067337,-10.432590,-7.994454,6.172731,9.187551,-6.738153,-1.503324,9.526125,2.578390,1.753372,3.515939,4.155625,-3.414574,3.423760,0.365396,-8.779437,-3.034509,0.129593,-13.217803,-3.044708,3.055051,2.184524,-1.816761,2.893176,-2.718612,-1.967678,9.063369,-1.974886,-0.921908,8.900130,-12.585813,-2.538344,0.364992,-5.841942,-1.344402,0.263933,-10.095469,-1.376619,0.580232,6.314108,-4.346982,0.302595,2.812347,-4.716347,12.482544,-1.151969,-5.751204,10.839544,-8.210440,-7.103358,-0.021853,-5.327413,-3.972067,-0.353571,-10.048337,-4.062132,-3.364060,-0.572541,-0.544229,-3.386700,-2.874217,-0.584116,15.315442,-5.567047,-24.893156,15.315453,-5.567051,-24.893157,6.068505,11.918860,12.647312,3.485873,6.670825,11.407384,3.825937,-11.643902,-5.846863,3.627487,-13.551152,-6.057133,-5.637472,2.108610,-0.027589,-5.637567,1.318367,0.014032,0
1.564333,33.645561,-2.356523,-81.187912,56.598583,-33.499088,-10.335644,70.038833,-21.247335,0.439424,76.726055,65.862269,-4.659462,99.752158,-109.406815,-54.956486,-13.704365,50.568265,-52.920745,-16.865426,53.114292,17.073498,-6.482535,25.199726,13.600626,-7.992449,26.157008,3.970228,-23.426508,-10.433307,3.861613,-24.017740,-10.432693,-7.993968,6.169724,9.187725,-6.741994,-1.480347,9.525371,2.591689,1.690479,3.515867,4.144931,-3.406952,3.424137,0.365001,-8.786882,-3.034540,0.129088,-13.227399,-3.044710,3.054986,2.182604,-1.816825,2.893486,-2.709832,-1.967418,9.100325,-2.007651,-0.926485,8.903459,-12.568494,-2.536198,0.365113,-5.836453,-1.344351,0.263585,-10.109568,-1.376716,0.580056,6.311956,-4.347219,0.302563,2.811756,-4.716405,12.528108,-1.190842,-5.757197,10.862464,-8.285592,-7.119449,-0.020129,-5.302530,-3.971515,-0.353273,-10.044172,-4.062058,-3.364062,-0.572983,-0.544243,-3.386834,-2.886528,-0.584327,15.315444,-5.567049,-24.893152,15.315444,-5.567038,-24.893152,6.138638,11.883152,12.653386,3.562445,6.548999,11.399518,3.828117,-11.622500,-5.844471,3.626078,-13.564363,-6.058562,-5.637470,2.109726,-0.027659,-5.637565,1.319274,0.013987,0
0.973767,33.665923,-2.425754,-74.762280,81.484646,-23.449732,14.417900,78.409846,-12.995326,0.136211,77.514169,65.972047,-5.385111,101.073540,-108.876709,-54.544076,-14.390915,51.126400,-52.911145,-16.878902,53.125018,17.053410,-6.437867,25.425578,13.613083,-7.985517,26.162259,3.980777,-23.369029,-10.433293,3.871142,-23.965902,-10.432798,-7.993200,6.165000,9.187971,-6.745808,-1.457475,9.524608,2.606858,1.615850,3.515705,4.130960,-3.402160,3.424419,0.364416,-8.797985,-3.034584,0.128512,-13.238403,-3.044724,3.054873,2.179290,-1.816937,2.893734,-2.702269,-1.967196,9.140139,-2.048795,-0.932356,8.903952,-12.554513,-2.534098,0.365169,-5.834267,-1.344339,0.263225,-10.124510,-1.376807,0.579734,6.307545,-4.347678,0.302496,2.811004,-4.716484,12.576017,-1.235024,-5.764225,10.870705,-8.467908,-7.154786,-0.018483,-5.278969,-3.971007,-0.353017,-10.040644,-4.062005,-3.364087,-0.574445,-0.544257,-3.386965,-2.899398,-0.584556,15.315457,-5.567048,-24.893158,15.315446,-5.567046,-24.893157,6.211364,11.843937,12.659158,3.624129,6.499833,11.399501,3.830362,-11.600433,-5.841987,3.624298,-13.581186,-6.060386,-5.637468,2.111091,-0.027726,-5.637561,1.319033,0.013995,0
0.312760,33.469182,-2.469546,-109.498971,-0.315783,-17.718097,-17.132574,27.175994,-11.598844,0.543237,78.512581,66.286772,-5.355571,101.415428,-108.661957,-54.020230,-15.226963,51.802381,-52.913234,-16.875939,53.122659,17.025233,-6.383737,25.707797,13.624208,-7.979926,26.161384,3.990440,-23.316452,-10.433296,3.882397,-23.904603,-10.432892,-7.993763,6.168453,9.187804,-6.750362,-1.430131,9.523689,2.639040,1.217552,3.510551,4.138355,-3.439304,3.422868,0.365142,-8.784235,-3.034528,0.128176,-13.244538,-3.044718,3.055229,2.190662,-1.816570,2.893803,-2.700065,-1.967138,9.184230,-2.131028,-0.944591,8.895512,-12.568572,-2.534844,0.365539,-5.819090,-1.344198,0.262629,-10.149394,-1.376974,0.579749,6.307886,-4.347658,0.302404,2.809807,-4.716604,12.630248,-1.308261,-5.777068,10.871731,-8.527463,-7.166226,-0.016910,-5.256232,-3.970503,-0.353688,-10.050039,-4.062149,-3.364160,-0.581276,-0.544379,-3.387075,-2.911132,-0.584748,15.315442,-5.567038,-24.893154,15.315447,-5.567039,-24.893149,6.299838,11.793083,12.665394,3.629499,6.466471,11.395614,3.834431,-11.560526,-5.837518,3.619835,-13.623314,-6.064955,-5.637471,2.112210,-0.027792,-5.637563,1.313424,0.014293,0
-0.322804,33.441178,-2.501482,-88.785738,30.660601,-11.545926,-1.060063,34.525890,-7.137841,0.876391,79.631191,66.569721,-5.354344,101.809683,-108.480981,-53.613904,-15.850207,52.303474,-52.918628,-16.868818,53.116971,16.984295,-6.352301,25.922435,13.638109,-7.973541,26.159012,4.000110,-23.263800,-10.433288,3.894231,-23.840181,-10.432991,-7.994259,6.171558,9.187639,-6.754996,-1.402275,9.522757,2.725881,-0.066690,3.491150,4.145784,-3.484401,3.420983,0.365885,-8.770280,-3.034466,0.127832,-13.251222,-3.044717,3.055624,2.202826,-1.816178,2.893829,-2.699603,-1.967125,9.230084,-2.299943,-0.970345,8.883477,-12.589152,-2.535983,0.365854,-5.804968,-1.344087,0.261982,-10.176332,-1.377160,0.579679,6.306951,-4.347756,0.302282,2.808452,-4.716748,12.687252,-1.389862,-5.791666,10.868320,-8.588836,-7.177627,-0.015412,-5.234702,-3.970033,-0.354517,-10.061696,-4.062344,-3.364219,-0.589662,-0.544527,-3.387187,-2.923165,-0.584951,15.315435,-5.567041,-24.893159,15.315441,-5.567049,-24.893151,6.611130,11.785082,12.720941,3.628317,6.429591,11.390592,3.838814,-11.517658,-5.832706,3.614689,-13.671826,-6.070215,-5.637469,2.113519,-0.027857,-5.637565,1.306143,0.014680,0
-0.960445,33.475086,-2.524257,-78.330964,50.870201,-8.014793,11.450244,46.095970,-4.808037,1.134165,80.806543,66.814812,-5.372302,102.296737,-108.295800,-53.325354,-16.280022,52.647595,-52.926737,-16.857495,53.107959,16.876044,-6.371343,26.069198,13.654352,-7.966016,26.155249,4.009800,-23.211069,-10.433245,3.906641,-23.772678,-10.433063,-7.994703,6.174300,9.187479,-6.759718,-1.373948,9.521817,2.805317,-1.226480,3.471840,4.153295,-3.537220,3.418784,0.366653,-8.756105,-3.034402,0.127440,-13.258451,-3.044724,3.056026,2.215745,-1.815761,2.893788,-2.700809,-1.967162,9.264083,-3.285094,-1.123507,8.867969,-12.616090,-2.537508,0.366155,-5.791868,-1.343976,0.261282,-10.205247,-1.377352,0.579523,6.304780,-4.347987,0.302174,2.806928,-4.716894,12.739950,-1.550759,-5.823109,10.860606,-8.651950,-7.188982,-0.014001,-5.214361,-3.969579,-0.355511,-10.075573,-4.062573,-3.364326,-0.599563,-0.544706,-3.387315,-2.935507,-0.585167,15.315451,-5.567045,-24.893156,15.315444,-5.567035,-24.893156,6.996647,11.632154,12.758879,3.620749,6.389280,11.384466,3.843463,-11.471925,-5.827586,3.608866,-13.726622,-6.076144,-5.637460,2.114997,-0.027928,-5.637550,1.297248,0.015150,0
-1.400301,33.425339,-2.408320,-45.923604,-4.653385,-4.983957,14.538931,2.184731,-20.920657,1.715686,82.147595,66.605579,-5.220215,102.434331,-108.747297,-53.303535,-16.312126,52.673246,-52.932871,-16.848334,53.100688,16.835184,-6.389321,26.078465,13.657321,-7.964961,26.152142,4.021341,-23.148170,-10.433203,3.915235,-23.725893,-10.433137,-7.998550,6.198366,9.186139,-6.769169,-1.317188,9.519924,2.845729,-1.496261,3.467718,4.163852,-3.567979,3.417439,0.367597,-8.738059,-3.034322,0.126232,-13.281099,-3.044725,3.056329,2.225354,-1.815453,2.893149,-2.719340,-1.967703,9.314268,-4.064941,-1.246388,8.853855,-12.638420,-2.538540,0.366007,-5.798965,-1.344037,0.260204,-10.249381,-1.377638,0.578932,6.297122,-4.348815,0.300844,2.790720,-4.718579,12.755180,-2.115294,-5.940602,10.852902,-8.686340,-7.194862,-0.013400,-5.205549,-3.969381,-0.357936,-10.109544,-4.063113,-3.364395,-0.606996,-0.544841,-3.387471,-2.949889,-0.585414,15.315435,-5.567043,-24.893161,15.315447,-5.567036,-24.893156,7.144254,11.313055,12.717410,3.621191,6.414550,11.387867,3.847266,-11.434673,-5.823381,3.601405,-13.796970,-6.083755,-5.637465,2.116728,-0.028041,-5.637548,1.284451,0.015826,0
-1.916263,33.451649,-2.282906,-48.242127,17.186493,-4.017460,25.064667,13.448414,-21.836048,2.192680,83.474378,66.443382,-5.021056,102.720344,-109.354485,-53.279653,-16.346839,52.700994,-52.941460,-16.836325,53.091132,16.792726,-6.408059,26.088770,13.661107,-7.963933,26.147887,4.033134,-23.084018,-10.433127,3.923833,-23.679040,-10.433195,-8.002775,6.224671,9.184678,-6.779245,-1.256647,9.517899,2.875859,-1.558752,3.467288,4.174797,-3.602564,3.415920,0.368573,-8.719407,-3.034245,0.124922,-13.306008,-3.044738,3.056665,2.235232,-1.815127,2.892386,-2.741349,-1.968344,9.371014,-4.676203,-1.344431,8.836974,-12.665493,-2.539824,0.365753,-5.809323,-1.344130,0.259084,-10.296971,-1.377953,0.578223,6.287774,-4.349817,0.299319,2.772639,-4.720435,12.898205,-2.757017,-6.073085,10.841575,-8.718791,-7.200049,-0.012954,-5.199093,-3.969240,-0.360637,-10.147718,-4.063729,-3.364461,-0.615398,-0.544972,-3.387619,-2.964762,-0.585668,15.315449,-5.567051,-24.893157,15.315446,-5.567052,-24.893150,7.282208,10.980206,12.670193,3.617287,6.444774,11.391460,3.851181,-11.396051,-5.819055,3.593142,-13.874373,-6.092106,-5.637461,2.118628,-0.028131,-5.637534,1.269874,0.016590,0
-2.034131,33.496718,-2.125227,1.397574,-2.923467,-2.995727,17.391228,-9.038942,-24.391232,2.220698,83.958077,66.349058,-5.134379,102.866865,-109.575816,-53.263244,-16.371041,52.720312,-52.932242,-16.848568,53.100902,16.754985,-6.425510,26.095545,13.653103,-7.967000,26.152327,4.039973,-23.046881,-10.433106,3.930327,-23.643706,-10.433211,-8.003533,6.229335,9.184434,-6.787912,-1.204649,9.516126,2.903333,-1.577832,3.467644,4.170789,-3.608299,3.415718,0.369703,-8.698163,-3.034148,0.123473,-13.333393,-3.044738,3.056759,2.238336,-1.815029,2.891470,-2.768490,-1.969139,9.433652,-4.715617,-1.352901,8.823578,-12.676307,-2.539167,0.365546,-5.818451,-1.344206,0.257417,-10.366137,-1.378410,0.576987,6.271442,-4.351581,0.296821,2.742244,-4.723566,12.952895,-2.853598,-6.092845,10.838508,-8.731052,-7.202118,-0.012419,-5.191447,-3.969067,-0.365276,-10.213210,-4.064768,-3.364585,-0.626502,-0.545176,-3.387876,-2.988854,-0.586087,15.315435,-5.567043,-24.893156,15.315440,-5.567043,-24.893155,7.401566,10.670401,12.623785,3.609149,6.480210,11.395323,3.853939,-11.368961,-5.816008,3.491822,-14.817742,-6.193100,-5.637453,2.118144,-0.028103,-5.637554,1.247847,0.017742,0
-2.211460,33.496594,-1.987541,-1.109844,0.807150,-2.572745,23.604957,0.824491,-21.762417,2.247969,84.474393,66.272733,-5.245409,103.059757,-109.773262,-53.245846,-16.396578,52.740701,-52.922850,-16.862181,53.111723,16.716669,-6.443062,26.102733,13.644622,-7.970480,26.156953,4.046341,-23.012099,-10.433054,3.936548,-23.609750,-10.433236,-8.004107,6.233070,9.184242,-6.796889,-1.150632,9.514297,2.932947,-1.601125,3.467932,4.165241,-3.613485,3.415561,0.370883,-8.676071,-3.034043,0.121876,-13.362967,-3.044741,3.056826,2.240775,-1.814959,2.890409,-2.799152,-1.970041,9.498836,-4.761601,-1.362617,8.808368,-12.688952,-2.538468,0.365259,-5.830109,-1.344303,0.255621,-10.440931,-1.378909,0.575565,6.252813,-4.353584,0.294047,2.708717,-4.727020,13.012401,-2.922232,-6.106734,10.833526,-8.739122,-7.203213,-0.012013,-5.185599,-3.968942,-0.370432,-10.285686,-4.065925,-3.364687,-0.638752,-0.545387,-3.388121,-3.014552,-0.586521,15.315440,-5.567040,-24.893161,15.315443,-5.567042,-24.893160,7.510857,10.404809,12.584380,3.596834,6.520414,11.399368,3.856657,-11.342227,-5.813007,3.387657,-15.771608,-6.293532,-5.637466,2.117515,-0.028063,-5.637534,1.223409,0.019045,0
-2.061531,33.436693,-2.038240,10.243230,-27.548610,-29.115874,-11.144519,-19.003586,-21.883458,2.208935,84.866514,65.807041,-4.879515,103.275710,-110.034849,-53.246264,-16.395772,52.740067,-52.922568,-16.862769,53.112177,16.686422,-6.458466,26.100938,13.649324,-7.968183,26.157248,4.052485,-22.978608,-10.433019,3.945434,-23.561436,-10.433258,-8.004241,6.233827,9.184192,-6.807091,-1.089412,9.512202,2.958183,-1.578237,3.469105,4.139825,-3.591173,3.416719,0.372509,-8.645369,-3.033914,0.119657,-13.404831,-3.044750,3.056759,2.238667,-1.815021,2.889175,-2.835257,-1.971099,9.552293,-4.775973,-1.366889,8.782138,-12.681615,-2.532745,0.364973,-5.842170,-1.344402,0.253869,-10.513458,-1.379367,0.574113,6.233593,-4.355656,0.291201,2.674256,-4.730565,13.059908,-2.969221,-6.116224,10.824098,-8.744286,-7.203351,-0.012372,-5.190899,-3.969065,-0.375096,-10.351364,-4.066975,-3.364823,-0.652111,-0.545621,-3.388423,-3.042835,-0.587002,15.315443,-5.567049,-24.893157,15.315446,-5.567040,-24.893151,7.551137,10.362409,12.581565,3.592734,6.572682,11.405868,3.857490,-11.334011,-5.812070,3.311828,-16.456452,-6.364558,-5.637468,2.116418,-0.028017,-5.637523,1.195684,0.020497,0
-2.024883,33.408837,-2.091116,1.563789,-13.399702,-25.325410,-3.542402,-9.518517,-17.958245,2.177647,85.378945,65.331407,-4.451821,103.587085,-110.333266,-53.248410,-16.392543,52.737488,-52.922966,-16.862403,53.111884,16.656842,-6.473669,26.098223,13.655053,-7.965152,26.157099,4.058262,-22.947228,-10.432972,3.954465,-23.512310,-10.433265,-8.004168,6.233441,9.184213,-6.817715,-1.025544,9.510001,2.984556,-1.552436,3.470393,4.110410,-3.564629,3.418042,0.374228,-8.612776,-3.033762,0.117235,-13.450188,-3.044739,3.056665,2.235377,-1.815124,2.887813,-2.874966,-1.972263,9.606178,-4.791344,-1.371355,8.752899,-12.673017,-2.526306,0.364643,-5.856318,-1.344522,0.247398,-10.781761,-1.381105,0.572484,6.212406,-4.357946,0.288129,2.637086,-4.734386,13.106875,-3.017531,-6.126091,10.812504,-8.745636,-7.202584,-0.012946,-5.199207,-3.969232,-0.380108,-10.421802,-4.068078,-3.364970,-0.666556,-0.545879,-3.388724,-3.072752,-0.587512,15.315439,-5.567040,-24.893156,15.315450,-5.567048,-24.893159,7.589233,10.317505,12.577838,3.586388,6.630488,11.412877,3.858042,-11.328612,-5.811482,3.258540,-16.932928,-6.413457,-5.637466,2.115136,-0.027942,-5.637509,1.165527,0.022087,0
-2.066121,33.413601,-2.128547,-4.288267,-2.087379,-18.743120,1.420483,-2.746901,-13.561223,2.155859,85.995206,64.854823,-4.010957,103.964049,-110.632377,-53.252719,-16.386523,52.732674,-52.924612,-16.860236,53.110151,16.628030,-6.489195,26.094668,13.661729,-7.962209,26.156551,4.063634,-22.917928,-10.432936,3.963642,-23.462341,-10.433296,-8.003923,6.231925,9.184295,-6.828769,-0.959069,9.507727,3.012035,-1.523782,3.471803,4.077088,-3.533962,3.419545,0.376062,-8.578355,-3.033610,0.114637,-13.498944,-3.044743,3.056507,2.230953,-1.815272,2.886317,-2.918214,-1.973525,9.660505,-4.807688,-1.376030,8.720738,-12.663193,-2.519172,0.364266,-5.872542,-1.344666,0.239120,-11.125107,-1.383276,0.570728,6.189330,-4.360430,0.284829,2.597316,-4.738470,13.153336,-3.067171,-6.136318,10.798809,-8.743273,-7.200912,-0.013748,-5.210425,-3.969487,-0.393610,-10.611509,-4.071042,-3.365095,-0.682073,-0.546148,-3.389034,-3.104305,-0.588048,15.315434,-5.567045,-24.893160,15.315447,-5.567038,-24.893153,7.625222,10.270201,12.573204,3.577831,6.693699,11.420353,3.858302,-11.325995,-5.811186,3.216753,-17.304306,-6.451255,-5.637462,2.113655,-0.027863,-5.637503,1.132973,0.023805,0
-1.909989,33.278055,-2.357715,-13.590932,-63.112078,-30.796143,-35.977833,-43.676868,2.063104,2.284028,85.884691,64.529433,-3.777828,104.240243,-110.709280,-53.272919,-16.356898,52.709014,-52.914770,-16.873717,53.120889,16.616325,-6.497532,26.083432,13.690068,-7.946846,26.162152,4.069473,-22.886210,-10.432877,3.975782,-23.396276,-10.433295,-8.004324,6.234345,9.184154,-6.838992,-0.897602,9.505597,3.030762,-1.485900,3.473213,4.041162,-3.508315,3.420836,0.378072,-8.540446,-3.033437,0.112367,-13.541689,-3.044741,3.056528,2.231279,-1.815256,2.884912,-2.959341,-1.974728,9.695046,-4.804139,-1.376734,8.680597,-12.653581,-2.510681,0.364181,-5.876198,-1.344693,0.237855,-11.177141,-1.383596,0.569593,6.174481,-4.362020,0.282278,2.566622,-4.741624,13.175908,-3.100849,-6.143400,10.774717,-8.752541,-7.200525,-0.014129,-5.216234,-3.969625,-0.397749,-10.669620,-4.071932,-3.365247,-0.697359,-0.546418,-3.389329,-3.132545,-0.588535,15.315444,-5.567043,-24.893163,15.315436,-5.567048,-24.893157,7.641514,10.230741,12.567193,3.567016,6.749893,11.426659,3.858017,-11.328964,-5.811502,3.212519,-17.341777,-6.455061,-5.637464,2.113109,-0.027834,-5.637485,1.102170,0.025423,0
-1.862684,33.229460,-2.532566,-17.975938,-38.632539,-25.119156,-25.024132,-31.392062,0.932477,2.401882,85.849012,64.222231,-3.564459,104.526919,-110.777321,-53.295886,-16.323058,52.681992,-52.904674,-16.888215,53.132413,16.606701,-6.505327,26.070986,13.721354,-7.930130,26.168026,4.075053,-22.855786,-10.432826,3.988238,-23.328448,-10.433300,-8.004649,6.236378,9.184048,-6.849355,-0.835215,9.503427,3.049266,-1.445449,3.474697,4.002604,-3.480572,3.422196,0.380145,-8.501177,-3.033254,0.110015,-13.585876,-3.044739,3.056530,2.231327,-1.815260,2.883431,-3.002348,-1.975984,9.727732,-4.799302,-1.377154,8.637945,-12.643235,-2.501656,0.364096,-5.879974,-1.344721,0.236581,-11.230188,-1.383936,0.568431,6.159273,-4.363661,0.279678,2.535258,-4.744841,13.195698,-3.133660,-6.150363,10.748350,-8.760438,-7.199662,-0.014635,-5.223386,-3.969768,-0.401993,-10.729166,-4.072851,-3.365390,-0.713268,-0.546694,-3.389620,-3.161386,-0.589035,15.315448,-5.567029,-24.893159,15.315442,-5.567049,-24.893154,7.654411,10.190633,12.560528,3.554577,6.808652,11.433116,3.857452,-11.334271,-5.812107,3.207830,-17.383300,-6.459271,-5.637472,2.112540,-0.027807,-5.637469,1.070120,0.027116,0
-1.864591,32.833580,-2.708179,-17.399775,-102.267263,-10.305547,-17.147535,-49.913800,12.918588,2.271983,85.855368,64.112569,-3.590693,104.522192,-110.822069,-53.329321,-16.273856,52.642678,-52.886106,-16.914295,53.153157,16.606884,-6.509236,26.053401,13.757507,-7.910127,26.178354,4.081884,-22.818639,-10.432748,4.009381,-23.213275,-10.433249,-8.006828,6.250019,9.183284,-6.860355,-0.769049,9.501107,3.070724,-1.419711,3.475937,3.962248,-3.446208,3.423768,0.381983,-8.466891,-3.033095,0.108914,-13.606947,-3.044731,3.056651,2.235586,-1.815118,2.882683,-3.023392,-1.976594,9.749367,-4.795130,-1.377272,8.602150,-12.629592,-2.493342,0.364083,-5.880405,-1.344726,0.235921,-11.257687,-1.384110,0.567638,6.148781,-4.364788,0.278241,2.518033,-4.746610,13.198429,-3.166651,-6.157546,10.724763,-8.763579,-7.198145,-0.015260,-5.232582,-3.969981,-0.404559,-10.765238,-4.073399,-3.365526,-0.725350,-0.546902,-3.389838,-3.181929,-0.589385,15.315442,-5.567043,-24.893163,15.315437,-5.567043,-24.893154,7.652318,10.143829,12.550132,3.545523,6.880434,11.441662,3.856377,-11.344952,-5.813314,3.207013,-17.390469,-6.459994,-5.637455,2.112560,-0.027804,-5.637447,1.042854,0.028558,0
-1.944670,32.605183,-2.839422,-19.748588,-63.911883,-9.483881,-8.653505,-32.266997,8.700164,2.138872,85.896239,63.992458,-3.606859,104.526235,-110.851598,-53.366992,-16.218650,52.598531,-52.866047,-16.943101,53.176035,16.610778,-6.511715,26.033770,13.797540,-7.888176,26.189586,4.088655,-22.781724,-10.432692,4.064527,-22.913065,-10.432914,-8.009210,6.264887,9.182476,-6.871646,-0.701110,9.498703,3.092479,-1.393117,3.477231,3.918719,-3.408639,3.425434,0.383839,-8.431670,-3.032932,0.107860,-13.626556,-3.044726,3.056796,2.240124,-1.814976,2.882000,-3.043604,-1.977191,9.767783,-4.789684,-1.377051,8.564494,-12.614710,-2.484538,0.364083,-5.880516,-1.344722,0.235292,-11.283008,-1.384255,0.566851,6.138479,-4.365904,0.276923,2.501893,-4.748270,13.196050,-3.198950,-6.164637,10.699057,-8.764727,-7.196060,-0.016032,-5.243478,-3.970219,-0.407029,-10.799893,-4.073927,-3.365630,-0.737628,-0.547121,-3.390047,-3.202116,-0.589733,15.315442,-5.567036,-24.893160,15.315438,-5.567049,-24.893161,7.644712,10.095200,12.538529,3.511061,7.076314,11.463858,3.854985,-11.358793,-5.814864,3.206243,-17.397285,-6.460682,-5.637475,2.112629,-0.027813,-5.637443,1.014773,0.030034,0
-1.922297,32.553468,-2.992064,7.759016,-94.902982,-7.551321,4.659291,-87.737862,13.597168,2.110322,85.850278,63.914246,-3.617471,104.486659,-110.845537,-53.400370,-16.168783,52.558673,-52.850840,-16.964849,53.193308,16.612472,-6.515028,26.016365,13.845192,-7.862725,26.198561,4.094587,-22.749461,-10.432622,4.113524,-22.646245,-10.432387,-8.012633,6.286363,9.181278,-6.878217,-0.661470,9.497309,3.121934,-1.391148,3.478165,3.880795,-3.375376,3.426869,0.384894,-8.411616,-3.032842,0.106015,-13.661196,-3.044730,3.056881,2.242538,-1.814899,2.880679,-3.081972,-1.978303,9.783605,-4.787857,-1.377333,8.537324,-12.607114,-2.478663,0.363964,-5.885131,-1.344767,0.234317,-11.323444,-1.384496,0.566079,6.128306,-4.366990,0.274845,2.476868,-4.750846,13.191378,-3.228896,-6.171233,10.682581,-8.773877,-7.196298,-0.016955,-5.256868,-3.970515,-0.410189,-10.844246,-4.074606,-3.365729,-0.747226,-0.547292,-3.390297,-3.227041,-0.590153,15.315445,-5.567034,-24.893165,15.315445,-5.567056,-24.893156,7.630520,10.038771,12.524295,3.515302,7.130677,11.471597,3.853178,-11.376600,-5.816868,3.205146,-17.407171,-6.461683,-5.637474,2.113329,-0.027853,-5.637434,0.989114,0.031384,0
-1.982158,32.547572,-3.108382,-1.762978,-58.419312,-7.040366,6.520339,-57.603406,9.055316,2.084444,85.822759,63.836146,-3.627868,104.448647,-110.838255,-53.436574,-16.115733,52.516195,-52.835070,-16.987532,53.211313,16.617283,-6.517071,25.997591,13.896955,-7.835185,26.207948,4.100353,-22.718039,-10.432564,4.151856,-22.437589,-10.431803,-8.016404,6.309823,9.179990,-6.884348,-0.624612,9.495989,3.152773,-1.392185,3.479058,3.841147,-3.340166,3.428321,0.385871,-8.393083,-3.032749,0.104113,-13.696882,-3.044721,3.056964,2.244871,-1.814821,2.879288,-3.122403,-1.979484,9.796421,-4.785564,-1.377425,8.510207,-12.599594,-2.472824,0.363853,-5.890160,-1.344810,0.233339,-11.364377,-1.384761,0.565327,6.118309,-4.368065,0.272704,2.451372,-4.753452,13.182251,-3.257937,-6.177664,10.665763,-8.782621,-7.196429,-0.018008,-5.272040,-3.970851,-0.413357,-10.888891,-4.075284,-3.365807,-0.756556,-0.547445,-3.390572,-3.252400,-0.590587,15.315430,-5.567044,-24.893161,15.315439,-5.567047,-24.893160,7.610924,9.979741,12.508725,3.520638,7.186122,11.479635,3.851016,-11.397551,-5.819215,3.203986,-17.417240,-6.462700,-5.637458,2.114155,-0.027893,-5.637414,0.963164,0.032748,0
-2.075222,32.552023,-3.196597,-5.995959,-36.922942,-6.235698,6.911514,-37.540257,5.999266,2.058553,85.808510,63.751094,-3.638056,104.412180,-110.829799,-53.474057,-16.059191,52.470966,-52.819075,-17.010299,53.229389,16.623265,-6.518342,25.977990,13.951163,-7.806526,26.217618,4.105958,-22.687497,-10.432479,4.177470,-22.298069,-10.431332,-8.020346,6.334530,9.178603,-6.890087,-0.590014,9.494762,3.184403,-1.395346,3.479928,3.800534,-3.303800,3.429775,0.386787,-8.375765,-3.032670,0.102194,-13.733089,-3.044713,3.057027,2.247115,-1.814742,2.877834,-3.164013,-1.980691,9.807044,-4.782921,-1.377370,8.483331,-12.592164,-2.467043,0.363722,-5.895463,-1.344851,0.232342,-11.405392,-1.385018,0.564570,6.108509,-4.369130,0.270575,2.425738,-4.756076,13.169996,-3.286105,-6.183918,10.648846,-8.790997,-7.196479,-0.019144,-5.288345,-3.971211,-0.416539,-10.933428,-4.075955,-3.365892,-0.765660,-0.547609,-3.390822,-3.277876,-0.591015,15.315448,-5.567045,-24.893158,15.315446,-5.567043,-24.893158,7.587510,9.919232,12.492336,3.526654,7.241947,11.487821,3.848686,-11.420607,-5.821808,3.202845,-17.427364,-6.463724,-5.637460,2.115064,-0.027938,-5.637396,0.937195,0.034111,0
-2.225763,32.426329,-3.335583,1.617142,-65.310244,-0.895489,23.406068,-47.117534,19.221083,2.035380,85.747545,63.720368,-3.678415,104.402058,-110.831173,-53.511342,-16.004213,52.426918,-52.831821,-16.991899,53.214794,16.618785,-6.525189,25.958127,14.005611,-7.779766,26.212399,4.113323,-22.647414,-10.432386,4.186966,-22.246323,-10.431151,-8.023238,6.352555,9.177611,-6.892470,-0.575658,9.494244,3.215145,-1.409435,3.480467,3.763999,-3.269491,3.431097,0.386373,-8.383934,-3.032709,0.100208,-13.770365,-3.044706,3.056756,2.238633,-1.815024,2.876000,-3.217620,-1.982251,9.822972,-4.785340,-1.378356,8.468307,-12.573054,-2.461580,0.363312,-5.912934,-1.345002,0.231172,-11.453988,-1.385314,0.563652,6.096636,-4.370401,0.267683,2.391011,-4.759643,13.165142,-3.321964,-6.191790,10.645534,-8.784230,-7.194911,-0.020723,-5.311152,-3.971711,-0.420413,-10.987748,-4.076777,-3.366006,-0.776828,-0.547807,-3.391161,-3.310800,-0.591575,15.315440,-5.567047,-24.893162,15.315438,-5.567047,-24.893158,7.580781,9.865991,12.480007,3.543391,7.301905,11.497865,3.846776,-11.439425,-5.823919,3.200713,-17.446098,-6.465622,-5.637473,2.116846,-0.028035,-5.637381,0.913067,0.035387,0
-2.387968,32.341579,-3.455067,-3.300502,-47.053382,-2.464155,19.112025,-35.343164,14.045354,2.011341,85.690668,63.686351,-3.721227,104.395530,-110.832398,-53.550878,-15.944989,52.379465,-52.848356,-16.968385,53.196114,16.614451,-6.532462,25.937148,14.063481,-7.751859,26.205488,4.120818,-22.606730,-10.432287,4.196591,-22.193958,-10.430948,-8.026237,6.371229,9.176567,-6.894023,-0.566354,9.493901,3.246900,-1.427421,3.480923,3.726648,-3.233896,3.432422,0.385675,-8.396876,-3.032773,0.098181,-13.808659,-3.044697,3.056441,2.228582,-1.815348,2.874023,-3.274540,-1.983896,9.837270,-4.788081,-1.379339,8.454992,-12.552366,-2.456182,0.362860,-5.932446,-1.345167,0.229956,-11.504060,-1.385621,0.562740,6.084636,-4.371692,0.264651,2.354636,-4.763367,13.157763,-3.358168,-6.199755,10.643854,-8.775018,-7.193034,-0.022464,-5.336281,-3.972262,-0.424396,-11.043678,-4.077608,-3.366126,-0.788087,-0.548003,-3.391513,-3.345102,-0.592168,15.315446,-5.567039,-24.893154,15.315442,-5.567047,-24.893157,7.572014,9.811627,12.467172,3.562428,7.363284,11.508422,3.844658,-11.460161,-5.826263,3.198451,-17.466162,-6.467656,-5.637447,2.118874,-0.028126,-5.637373,0.888954,0.036661,0
-2.470735,32.309515,-3.450209,8.000285,-27.353214,-0.549035,19.729361,-22.809448,-1.237440,1.905771,85.687571,63.393383,-3.723254,104.399749,-110.849176,-53.584497,-15.894210,52.338774,-52.875924,-16.929288,53.165055,16.605271,-6.541069,25.918848,14.112076,-7.729690,26.192684,4.126873,-22.573648,-10.432196,4.203469,-22.156436,-10.430804,-8.029206,6.389907,9.175535,-6.890734,-0.586120,9.494619,3.270227,-1.444152,3.481142,3.690232,-3.208904,3.433341,0.385704,-8.396134,-3.032766,0.096518,-13.839621,-3.044685,3.056085,2.217127,-1.815716,2.871944,-3.335154,-1.985661,9.856683,-4.786680,-1.379817,8.442482,-12.534941,-2.451428,0.362437,-5.950973,-1.345328,0.229267,-11.532542,-1.385793,0.561447,6.067740,-4.373508,0.262005,2.322805,-4.766624,13.161420,-3.381109,-6.204743,10.648251,-8.756265,-7.189909,-0.023669,-5.353604,-3.972643,-0.426970,-11.079811,-4.078152,-3.366210,-0.798511,-0.548189,-3.391854,-3.377196,-0.592714,15.315434,-5.567045,-24.893160,15.315446,-5.567047,-24.893150,7.573048,9.775613,12.459680,3.583338,7.442738,11.521700,3.843202,-11.474354,-5.827850,3.196203,-17.486056,-6.469668,-5.637460,2.120521,-0.028233,-5.637360,0.865307,0.037907,0
-2.573118,32.289864,-3.458840,3.184980,-22.010176,-1.477895,16.974115,-19.363553,-0.315488,1.765318,85.708619,62.992286,-3.723549,104.407987,-110.867289,-53.619182,-15.842621,52.297375,-52.908073,-16.883622,53.128755,16.596172,-6.549854,25.900047,14.161958,-7.707407,26.177631,4.132836,-22.541196,-10.432107,4.210049,-22.120650,-10.430659,-8.032288,6.409107,9.174454,-6.886052,-0.614339,9.495620,3.293067,-1.463824,3.481247,3.653296,-3.184457,3.434215,0.385667,-8.397160,-3.032768,0.094903,-13.870299,-3.044675,3.055673,2.204192,-1.816134,2.869710,-3.399001,-1.987507,9.875575,-4.784903,-1.380222,8.431464,-12.516714,-2.446820,0.361953,-5.971015,-1.345489,0.228637,-11.558977,-1.385961,0.560095,6.050022,-4.375415,0.259293,2.290354,-4.769937,13.164724,-3.402342,-6.209365,10.654863,-8.734110,-7.186354,-0.024917,-5.371612,-3.973035,-0.429426,-11.114242,-4.078660,-3.366311,-0.808898,-0.548366,-3.392196,-3.410060,-0.593270,15.315442,-5.567038,-24.893157,15.315445,-5.567037,-24.893149,7.573923,9.741451,12.452552,3.582428,7.643615,11.548957,3.841714,-11.489094,-5.829512,3.193828,-17.507016,-6.471777,-5.637455,2.122303,-0.028320,-5.637341,0.841740,0.039150,0
-2.690256,32.273124,-3.476846,0.612970,-21.705044,-2.264373,17.137514,-19.343449,0.275794,1.615591,85.756873,62.552365,-3.722175,104.420103,-110.886657,-53.654886,-15.788667,52.254095,-52.944387,-16.831747,53.087509,16.586442,-6.559393,25.880787,14.212985,-7.684732,26.160356,4.138661,-22.509398,-10.432026,4.216297,-22.086591,-10.430517,-8.035432,6.428812,9.173365,-6.880012,-0.650705,9.496916,3.315455,-1.486361,3.481251,3.615874,-3.160596,3.435037,0.385516,-8.399911,-3.032787,0.093279,-13.900670,-3.044665,3.055203,2.189835,-1.816593,2.867389,-3.465953,-1.989447,9.893937,-4.782771,-1.380535,8.421894,-12.497753,-2.442359,0.361445,-5.992461,-1.345676,0.228026,-11.583404,-1.386110,0.558665,6.031435,-4.377414,0.256548,2.257301,-4.773317,13.167667,-3.421892,-6.213620,10.663635,-8.708661,-7.182367,-0.026212,-5.390282,-3.973453,-0.431774,-11.147034,-4.079151,-3.366411,-0.819199,-0.548547,-3.392536,-3.443653,-0.593838,15.315435,-5.567042,-24.893164,15.315451,-5.567042,-24.893151,7.574684,9.709164,12.445811,3.555309,7.985835,11.592413,3.840168,-11.504384,-5.831210,3.191357,-17.528985,-6.473998,-5.637468,2.124196,-0.028424,-5.637331,0.818259,0.040379,0
-2.617982,32.148711,-3.460777,4.020785,-19.903180,-2.920862,-6.121514,-2.444089,-5.175914,1.286077,85.310401,62.154911,-3.732509,104.436294,-110.915001,-53.691938,-15.732208,52.208793,-52.995702,-16.758843,53.029478,16.576496,-6.568814,25.860596,14.263176,-7.664192,26.135473,4.145087,-22.474473,-10.431926,4.219229,-22.070646,-10.430441,-8.039788,6.456044,9.171854,-6.873897,-0.687483,9.498217,3.333952,-1.510070,3.481095,3.585353,-3.130843,3.435993,0.386016,-8.390488,-3.032737,0.092330,-13.918644,-3.044654,3.054866,2.179086,-1.816946,2.865445,-3.521653,-1.991054,9.912513,-4.778549,-1.380513,8.413031,-12.475542,-2.437554,0.361077,-6.008591,-1.345799,0.227911,-11.588854,-1.386135,0.557342,6.014198,-4.379265,0.255042,2.239348,-4.775161,13.175281,-3.427291,-6.214760,10.669870,-8.672444,-7.176140,-0.027075,-5.402557,-3.973704,-0.432502,-11.157470,-4.079298,-3.366489,-0.827242,-0.548697,-3.392745,-3.463092,-0.594169,15.315443,-5.567042,-24.893161,15.315446,-5.567044,-24.893160,7.573351,9.691763,12.441930,3.443592,8.701305,11.675840,3.839141,-11.514376,-5.832329,3.190221,-17.538879,-6.474998,-5.637451,2.127232,-0.028587,-5.637304,0.796143,0.041553,0
-2.552551,32.037571,-3.435862,1.936442,-20.301676,-3.425853,-7.236069,-4.721410,-6.918551,0.952223,84.885545,61.749779,-3.742388,104.456148,-110.945169,-53.730087,-15.674960,52.162795,-53.052224,-16.677378,52.964626,16.566800,-6.578343,25.839886,14.313843,-7.643740,26.107799,4.151465,-22.439637,-10.431821,4.221454,-22.058542,-10.430399,-8.044363,6.484671,9.170246,-6.866678,-0.730984,9.499742,3.351531,-1.536275,3.480821,3.555361,-3.100800,3.436948,0.386529,-8.380851,-3.032692,0.091471,-13.934690,-3.044649,3.054507,2.167654,-1.817311,2.863477,-3.578394,-1.992694,9.930666,-4.773758,-1.380368,8.405476,-12.452277,-2.432806,0.360680,-6.025169,-1.345945,0.227875,-11.590137,-1.386145,0.556000,5.996455,-4.381169,0.253670,2.222924,-4.776838,13.183213,-3.429422,-6.215186,10.677533,-8.632101,-7.169243,-0.027896,-5.414505,-3.973975,-0.432936,-11.163548,-4.079393,-3.366558,-0.834939,-0.548827,-3.392925,-3.481259,-0.594481,15.315439,-5.567045,-24.893165,15.315448,-5.567054,-24.893159,7.571632,9.677880,12.438755,3.355313,9.304624,11.746499,3.838173,-11.524101,-5.833443,3.189173,-17.547986,-6.475915,-5.637455,2.130500,-0.028751,-5.637286,0.774287,0.042694,0
-2.463353,32.023393,-3.357160,5.843309,-2.506204,2.762936,-6.495497,-0.545002,-8.123906,0.511964,84.373819,61.687041,-3.739662,104.489858,-110.967758,-53.768649,-15.615157,52.114793,-53.148912,-16.537856,52.853428,16.557313,-6.588088,25.819037,14.351987,-7.633724,26.059123,4.160871,-22.388529,-10.431667,4.220832,-22.061913,-10.430412,-8.049781,6.518536,9.168347,-6.860352,-0.769031,9.501091,3.357027,-1.549059,3.480609,3.526159,-3.061820,3.438135,0.387234,-8.367373,-3.032630,0.091297,-13.938038,-3.044646,3.054267,2.160004,-1.817553,2.862125,-3.617370,-1.993812,9.950225,-4.761072,-1.378944,8.394693,-12.426212,-2.427107,0.360309,-6.041096,-1.346075,0.228085,-11.581023,-1.386092,0.554651,5.978870,-4.383057,0.253008,2.214962,-4.777650,13.195300,-3.426511,-6.214466,10.679203,-8.597303,-7.162861,-0.028381,-5.421390,-3.974126,-0.432754,-11.160838,-4.079354,-3.366625,-0.842283,-0.548957,-3.393035,-3.492698,-0.594672,15.315444,-5.567038,-24.893154,15.315451,-5.567036,-24.893156,7.576468,9.674759,12.438775,3.346787,9.496992,11.772009,3.838100,-11.524676,-5.833493,3.188822,-17.551245,-6.476250,-5.637469,2.132332,-0.028850,-5.637282,0.755309,0.043700,0
-2.392673,32.009504,-3.288335,4.842261,-3.540069,2.246354,-5.085902,-1.589109,-7.421424,0.100352,83.912403,61.622451,-3.735346,104.528647,-110.991676,-53.807722,-15.555875,52.067126,-53.334564,-16.266820,52.637029,16.548514,-6.597056,25.797706,14.383718,-7.635393,25.963957,4.170661,-22.335151,-10.431474,4.219231,-22.070613,-10.430453,-8.055487,6.554288,9.166345,-6.853256,-0.811752,9.502601,3.360041,-1.561935,3.480314,3.497475,-3.021312,3.439327,0.387993,-8.353171,-3.032561,0.091293,-13.938015,-3.044645,3.054016,2.152332,-1.817804,2.860836,-3.654640,-1.994889,9.969662,-4.746799,-1.377242,8.384470,-12.398900,-2.421333,0.359916,-6.057276,-1.346206,0.228432,-11.567013,-1.386005,0.553271,5.960880,-4.384994,0.252538,2.209397,-4.778214,13.208239,-3.420254,-6.213029,10.681136,-8.559982,-7.156036,-0.028785,-5.427284,-3.974247,-0.432210,-11.153326,-4.079249,-3.366696,-0.849298,-0.549073,-3.393133,-3.502149,-0.594831,15.315438,-5.567043,-24.893154,15.315445,-5.567032,-24.893152,7.581916,9.676003,12.439818,3.364634,9.563892,11.784190,3.838194,-11.523689,-5.833383,3.188624,-17.553034,-6.476433,-5.637442,2.134143,-0.028942,-5.637269,0.736954,0.044673,0
-2.247527,32.044677,-3.182644,19.015662,5.040971,3.052656,-1.513682,0.066179,-11.896170,0.000791,83.842098,61.545341,-3.765612,104.559720,-110.995037,-53.838530,-15.508842,52.029299,-53.374107,-16.208455,52.590366,16.547254,-6.601557,25.781304,14.418872,-7.621511,25.944427,4.180733,-22.280305,-10.431287,4.216178,-22.087301,-10.430533,-8.060883,6.588028,9.164452,-6.847702,-0.845191,9.503770,3.364837,-1.568811,3.480248,3.473484,-2.988163,3.440275,0.388805,-8.337884,-3.032500,0.091361,-13.936931,-3.044649,3.053701,2.142171,-1.818119,2.859781,-3.684523,-1.995746,9.988261,-4.734837,-1.375886,8.371816,-12.375659,-2.415747,0.359603,-6.071119,-1.346338,0.228766,-11.553384,-1.385933,0.551792,5.941664,-4.387053,0.252412,2.207832,-4.778372,13.220152,-3.413942,-6.211569,10.679335,-8.531241,-7.150496,-0.028875,-5.428561,-3.974282,-0.431881,-11.148717,-4.079173,-3.366772,-0.856612,-0.549200,-3.393228,-3.511780,-0.594997,15.315442,-5.567040,-24.893151,15.315442,-5.567054,-24.893158,7.586584,9.685497,12.442498,3.380172,9.627796,11.795639,3.839028,-11.515396,-5.832454,3.189143,-17.548344,-6.475949,-5.637465,2.133183,-0.028895,-5.637247,0.720060,0.045555,0
23.015881,-19.608541,-1.189625,13.340347,-10.035487,-1.860811,5.513572,-31.299092,-9.499423,1.319796,-47.740512,56.367289,-0.457357,-31.310726,-113.688265,-54.117784,-15.074272,51.679233,-54.234022,-14.890582,51.530902,17.397140,-6.209027,25.674900,13.462771,-8.174555,25.470358,4.033532,-23.081823,-10.433134,4.327938,-21.478304,-10.427370,-8.184099,7.361481,9.120102,-6.611190,-2.264090,9.550377,2.620850,3.475385,3.555135,3.823162,-3.120896,3.436148,0.378795,-8.526768,-3.033373,0.235423,-11.227686,-3.042393,3.054866,2.179388,-1.816924,2.858755,-3.714667,-1.996611,8.344065,-1.293149,-0.834956,8.843649,-11.336549,-2.334697,0.373788,-5.466179,-1.341200,0.234872,-11.300592,-1.384373,0.566667,6.136048,-4.366160,0.226195,1.895231,-4.810250,11.358786,-2.385602,-6.026831,11.088292,-6.785965,-6.849873,-0.015842,-5.240829,-3.970160,-0.329943,-9.715369,-4.056669,-3.366789,-0.858835,-0.549240,-3.391635,-3.356322,-0.592359,15.315442,-5.567056,-24.893156,15.315439,-5.567044,-24.893157,4.971987,10.410207,12.176294,1.130226,8.841094,11.349879,3.927386,-10.641110,-5.733703,3.540927,-14.362496,-6.144573,-5.637524,1.962015,-0.019878,-5.637344,0.875824,0.037349,0
23.051751,-19.522101,-1.144546,14.731046,-11.133021,-2.701778,8.193330,-26.887690,-10.917921,1.402351,-47.705324,56.348206,0.053818,-31.717200,-113.636681,-54.145588,-15.031147,51.644403,-54.249500,-14.866043,51.511067,17.424817,-6.199100,25.661555,13.468783,-8.172969,25.462256,4.026257,-23.121510,-10.433175,4.338399,-21.421377,-10.426990,-8.180632,7.339548,9.121395,-6.609427,-2.274699,9.550714,2.602690,3.536576,3.554344,3.830541,-3.142276,3.435379,0.380046,-8.503320,-3.033267,0.269471,-10.587037,-3.040867,3.055350,2.194245,-1.816451,2.861202,-3.644333,-1.994579,8.337966,-1.228158,-0.826043,8.830255,-11.288545,-2.325285,0.374590,-5.431396,-1.340898,0.257542,-10.360988,-1.378372,0.567826,6.151146,-4.364536,0.230612,1.947805,-4.804898,11.349481,-2.328003,-6.016296,11.045335,-6.803907,-6.850906,-0.013719,-5.210218,-3.969484,-0.279486,-9.002865,-4.044544,-3.366663,-0.845191,-0.549002,-3.391272,-3.322064,-0.591769,15.315444,-5.567040,-24.893153,15.315448,-5.567038,-24.893155,4.969754,10.468983,12.185993,1.054522,8.772187,11.331500,3.929955,-10.615313,-5.730771,3.546882,-14.307094,-6.138642,-5.637519,1.963029,-0.019936,-5.637375,0.886249,0.036804,0
23.057950,-19.583476,-1.161969,9.007163,-14.181237,-2.909970,8.180963,-6.001068,-0.587873,1.519433,-47.633352,56.240045,0.076174,-31.770817,-113.503854,-54.167017,-14.996532,51.616492,-54.258101,-14.851827,51.499600,17.440443,-6.193832,25.650652,13.478327,-8.169136,25.457881,4.019574,-23.157858,-10.433216,4.347457,-21.371970,-10.426683,-8.177889,7.322382,9.122402,-6.608952,-2.277526,9.550804,2.591789,3.586660,3.554138,3.828979,-3.188270,3.433755,0.381633,-8.472930,-3.033131,0.272011,-10.539023,-3.040740,3.055820,2.208893,-1.815977,2.863487,-3.578290,-1.992681,8.339819,-1.165658,-0.817296,8.802601,-11.262577,-2.317132,0.375458,-5.394948,-1.340579,0.268518,-9.904089,-1.375327,0.568780,6.163687,-4.363185,0.235004,2.000095,-4.799568,11.347121,-2.269200,-6.005412,10.994260,-6.823344,-6.851724,-0.011143,-5.173231,-3.968661,-0.263004,-8.769574,-4.040443,-3.366542,-0.832368,-0.548777,-3.390938,-3.288950,-0.591199,15.315450,-5.567049,-24.893157,15.315451,-5.567049,-24.893152,4.966257,10.525506,12.195109,0.997512,8.732881,11.318997,3.932679,-10.588333,-5.727701,3.552713,-14.252769,-6.132819,-5.637543,1.961850,-0.019866,-5.637379,0.898615,0.036146,0
23.068732,-19.600743,-1.148534,3.992133,-6.210546,1.910160,2.330046,-3.548818,-0.160788,1.555740,-47.670993,56.202168,0.052115,-31.787218,-113.477344,-54.194846,-14.952851,51.581199,-54.258127,-14.852174,51.499865,17.450919,-6.192574,25.636330,13.494065,-8.161346,25.458129,4.014901,-23.183256,-10.433233,4.353989,-21.336343,-10.426456,-8.177115,7.317556,9.122664,-6.608573,-2.279746,9.550863,2.578132,3.629169,3.553425,3.821220,-3.241792,3.431879,0.383202,-8.443533,-3.032990,0.273675,-10.507815,-3.040657,3.056236,2.221887,-1.815562,2.865549,-3.518945,-1.990973,8.340341,-1.100874,-0.808256,8.771910,-11.249384,-2.310513,0.376308,-5.358593,-1.340270,0.269341,-9.870299,-1.375104,0.569545,6.173616,-4.362117,0.238485,2.041738,-4.795322,11.343658,-2.198275,-5.992309,10.943631,-6.844673,-6.852900,-0.008793,-5.139174,-3.967908,-0.260336,-8.731851,-4.039768,-3.366393,-0.818469,-0.548534,-3.390641,-3.260369,-0.590720,15.315453,-5.567038,-24.893161,15.315444,-5.567037,-24.893154,4.955984,10.580152,12.202757,0.943436,8.713959,11.308962,3.935547,-10.559525,-5.724422,3.557818,-14.205056,-6.127708,-5.637525,1.960534,-0.019794,-5.637374,0.914682,0.035312,0
23.074865,-19.620131,-1.137662,2.782301,-4.361712,1.154280,1.934511,-1.681780,-0.348509,1.588502,-47.716154,56.163461,0.032680,-31.808281,-113.455393,-54.222638,-14.908427,51.545326,-54.256906,-14.853858,51.501236,17.459474,-6.191942,25.621683,13.510181,-8.153468,25.459116,4.010160,-23.209148,-10.433251,4.360187,-21.302585,-10.426222,-8.176352,7.312741,9.122963,-6.608108,-2.282597,9.550953,2.566352,3.671256,3.552905,3.811841,-3.300103,3.429864,0.384872,-8.412050,-3.032841,0.275606,-10.471613,-3.040552,3.056648,2.235268,-1.815133,2.867703,-3.456606,-1.989175,8.343034,-1.035239,-0.799043,8.738605,-11.240322,-2.304143,0.377209,-5.320547,-1.339941,0.270245,-9.832001,-1.374840,0.570289,6.183595,-4.361033,0.242225,2.086128,-4.790809,11.341855,-2.124970,-5.978737,10.891060,-6.868751,-6.854432,-0.006327,-5.103920,-3.967129,-0.257494,-8.691508,-4.039046,-3.366279,-0.804273,-0.548284,-3.390343,-3.230657,-0.590216,15.315445,-5.567047,-24.893159,15.315443,-5.567041,-24.893161,4.945420,10.636567,12.210641,0.887798,8.697914,11.298989,3.938530,-10.529697,-5.721030,3.563004,-14.156759,-6.122517,-5.637541,1.958988,-0.019719,-5.637405,0.931007,0.034443,0
23.061323,-19.652013,-1.118058,3.953824,-6.281165,1.219420,5.964363,-1.547726,-1.691083,1.632137,-47.806704,56.099620,-0.002298,-31.876902,-113.413738,-54.279510,-14.818116,51.472329,-54.249357,-14.866492,51.511424,17.470796,-6.193821,25.591417,13.545515,-8.135550,25.463819,4.000307,-23.262755,-10.433275,4.371256,-21.242292,-10.425814,-8.174844,7.303154,9.123510,-6.606786,-2.290535,9.551198,2.549879,3.753725,3.552644,3.786888,-3.434598,3.425318,0.388635,-8.341249,-3.032513,0.280435,-10.380501,-3.040289,3.057541,2.263473,-1.814220,2.872423,-3.320648,-1.985240,8.356656,-0.900895,-0.779915,8.662118,-11.237901,-2.292341,0.379139,-5.238206,-1.339227,0.272502,-9.738283,-1.374200,0.571832,6.203758,-4.358870,0.250497,2.185014,-4.780705,11.344676,-1.969474,-5.949813,10.778555,-6.927262,-6.858844,-0.001142,-5.029037,-3.965460,-0.251093,-8.600845,-4.037420,-3.365987,-0.774778,-0.547770,-3.389689,-3.167122,-0.589134,15.315446,-5.567045,-24.893160,15.315451,-5.567044,-24.893156,4.923215,10.755926,12.227354,0.770810,8.676724,11.279240,3.944857,-10.466296,-5.713809,3.573543,-14.058188,-6.111923,-5.637534,1.955008,-0.019513,-5.637408,0.964681,0.032667,0
23.057461,-19.649798,-1.112485,2.010544,-1.227226,1.868907,2.570180,-1.548283,1.061408,1.647572,-48.345287,56.211242,-0.072107,-31.884089,-113.392125,-54.305151,-14.777123,51.439185,-54.235276,-14.888098,51.528912,17.472124,-6.196768,25.577633,13.569744,-8.122010,25.471553,3.999017,-23.269759,-10.433280,4.375184,-21.220910,-10.425659,-8.177182,7.317937,9.122663,-6.605220,-2.299873,9.551477,2.533551,3.791253,3.551441,3.775948,-3.492256,3.423417,0.389986,-8.315371,-3.032385,0.282020,-10.350738,-3.040211,3.057844,2.272868,-1.813914,2.874578,-3.258392,-1.983431,8.354895,-0.850020,-0.772872,8.625494,-11.238987,-2.287031,0.379817,-5.208477,-1.338963,0.273039,-9.716078,-1.374048,0.572232,6.208977,-4.358308,0.253662,2.222851,-4.776839,11.344217,-1.840508,-5.925929,10.724496,-6.951346,-6.860134,0.000893,-4.999756,-3.964810,-0.249402,-8.577097,-4.037001,-3.365899,-0.765167,-0.547599,-3.389458,-3.144410,-0.588743,15.315453,-5.567044,-24.893157,15.315440,-5.567045,-24.893162,4.899854,10.804394,12.231638,0.708859,8.669869,11.269201,3.948015,-10.434654,-5.710185,3.577786,-14.018434,-6.107643,-5.637526,1.951568,-0.019332,-5.637421,0.980382,0.031844,0
23.050982,-19.650550,-1.106256,2.148600,-1.322284,1.915467,3.127036,-1.208644,0.974836,1.656611,-49.051367,56.357270,-0.170994,-31.900264,-113.364150,-54.330516,-14.736435,51.406271,-54.219604,-14.912973,51.549009,17.471688,-6.200305,25.563782,13.595586,-8.108085,25.480463,3.998044,-23.275028,-10.433290,4.378636,-21.201974,-10.425533,-8.179871,7.334819,9.121670,-6.603483,-2.310263,9.551787,2.517830,3.828030,3.550276,3.763866,-3.552668,3.421452,0.391400,-8.288839,-3.032251,0.283731,-10.318700,-3.040114,3.058136,2.282061,-1.813628,2.876793,-3.194340,-1.981573,8.353945,-0.800218,-0.765961,8.586957,-11.243619,-2.281959,0.380512,-5.178646,-1.338699,0.273589,-9.692897,-1.373887,0.572598,6.213721,-4.357802,0.256900,2.261604,-4.772883,11.337716,-1.774752,-5.913954,10.669127,-6.977037,-6.861601,0.002899,-4.970426,-3.964146,-0.247760,-8.553573,-4.036567,-3.365789,-0.755852,-0.547441,-3.389215,-3.121777,-0.588358,15.315446,-5.567041,-24.893161,15.315444,-5.567033,-24.893161,4.874943,10.853069,12.235674,0.645275,8.665718,11.259152,3.951266,-10.402205,-5.706491,3.581972,-13.979268,-6.103418,-5.637538,1.947768,-0.019128,-5.637437,0.996158,0.031015,0
23.039371,-19.653614,-1.099992,2.137485,-1.324121,1.831381,3.841177,-0.874585,0.912192,1.655649,-49.777725,56.507360,-0.289859,-31.926366,-113.333413,-54.355689,-14.695446,51.373137,-54.201735,-14.941552,51.572092,17.469296,-6.204712,25.549829,13.622797,-8.093116,25.490457,3.997398,-23.278609,-10.433272,4.381677,-21.185454,-10.425402,-8.182881,7.353760,9.120567,-6.601578,-2.321687,9.552150,2.502723,3.864093,3.549150,3.750673,-3.615822,3.419440,0.392845,-8.261684,-3.032119,0.285540,-10.284434,-3.040015,3.058407,2.291067,-1.813341,2.879060,-3.128544,-1.979653,8.353793,-0.751465,-0.759159,8.546553,-11.251758,-2.277112,0.381222,-5.148715,-1.338443,0.274149,-9.668740,-1.373718,0.572921,6.218000,-4.357340,0.260212,2.301232,-4.768828,11.331660,-1.708263,-5.901841,10.612435,-7.004371,-6.863213,0.004948,-4.941025,-3.963497,-0.246109,-8.530229,-4.036154,-3.365719,-0.746861,-0.547281,-3.388988,-3.099239,-0.587975,15.315442,-5.567038,-24.893164,15.315449,-5.567044,-24.893151,4.848543,10.901925,12.239438,0.580143,8.664208,11.249100,3.954584,-10.368968,-5.702699,3.586078,-13.940677,-6.099263,-5.637542,1.943640,-0.018918,-5.637441,1.012055,0.030167,0
22.959620,-19.652541,-1.068598,2.656422,-1.495897,1.043476,13.763584,-1.645321,-3.328828,1.586646,-49.851627,56.542383,-0.312729,-31.882348,-113.313617,-54.378563,-14.659306,51.343863,-54.180332,-14.975604,51.599588,17.469006,-6.207999,25.537411,13.640971,-8.082528,25.502268,3.998556,-23.272203,-10.433280,4.384082,-21.172415,-10.425312,-8.185668,7.371358,9.119549,-6.599652,-2.333193,9.552491,2.485451,3.882229,3.547391,3.744252,-3.675040,3.417515,0.394164,-8.236680,-3.032007,0.287019,-10.256531,-3.039929,3.058894,2.306327,-1.812839,2.881224,-3.066394,-1.977849,8.351700,-0.707248,-0.753060,8.515369,-11.248592,-2.271969,0.381808,-5.123521,-1.338223,0.274220,-9.666448,-1.373708,0.573180,6.221384,-4.356973,0.262564,2.329424,-4.765942,11.332120,-1.593792,-5.880694,10.563503,-7.017081,-6.862597,0.006798,-4.914530,-3.962889,-0.245963,-8.528542,-4.036125,-3.365650,-0.737726,-0.547123,-3.388833,-3.082662,-0.587686,15.315436,-5.567037,-24.893162,15.315452,-5.567037,-24.893154,4.823028,10.953383,12.243761,0.515335,8.648252,11.237818,3.956409,-10.350554,-5.700602,3.589050,-13.912887,-6.096268,-5.637539,1.940327,-0.018726,-5.637460,1.024421,0.029520,0
22.915930,-19.693953,-1.037073,1.708432,-13.088326,2.286710,7.951107,-7.171198,-2.217725,1.562605,-49.846392,56.519536,-0.327038,-31.835918,-113.335413,-54.389529,-14.641515,51.329467,-54.163570,-15.001973,51.620883,17.453690,-6.217669,25.530832,13.668274,-8.067560,25.511697,3.999770,-23.265665,-10.433273,4.392424,-21.126891,-10.425002,-8.186666,7.377612,9.119171,-6.602152,-2.318216,9.552035,2.466671,3.901083,3.545440,3.742341,-3.744880,3.415200,0.396204,-8.198389,-3.031814,0.288814,-10.222766,-3.039829,3.059369,2.321935,-1.812338,2.883360,-3.004121,-1.976034,8.351972,-0.661266,-0.746644,8.496583,-11.245332,-2.268671,0.382400,-5.098862,-1.338005,0.274251,-9.665227,-1.373707,0.573362,6.223968,-4.356695,0.264694,2.355114,-4.763309,11.338151,-1.445090,-5.853053,10.523571,-7.023754,-6.861405,0.008369,-4.891517,-3.962377,-0.246074,-8.529678,-4.036142,-3.365537,-0.728317,-0.546954,-3.388663,-3.067147,-0.587418,15.315436,-5.567042,-24.893162,15.315442,-5.567042,-24.893157,4.797925,11.005430,12.248231,0.456591,8.627138,11.227026,3.958430,-10.330025,-5.698259,3.591567,-13.889255,-6.093722,-5.637525,1.936394,-0.018529,-5.637466,1.037316,0.028851,0
22.873950,-19.759512,-1.003075,1.812786,-14.687937,2.379838,7.509999,-5.790643,-2.234233,1.535409,-49.844751,56.495395,-0.347723,-31.761763,-113.375159,-54.398106,-14.627423,51.318066,-54.145530,-15.029887,51.643442,17.435546,-6.227639,25.525034,13.696648,-8.051891,25.521770,4.001357,-23.257103,-10.433272,4.401119,-21.079475,-10.424632,-8.187666,7.383837,9.118806,-6.605059,-2.300821,9.551511,2.447994,3.918041,3.543470,3.741222,-3.825762,3.412527,0.398310,-8.158225,-3.031621,0.290706,-10.187259,-3.039722,3.059890,2.337916,-1.811828,2.885520,-2.940923,-1.974184,8.352948,-0.616195,-0.740318,8.478730,-11.243602,-2.265741,0.382951,-5.074589,-1.337797,0.274251,-9.665231,-1.373695,0.573534,6.226040,-4.356465,0.266795,2.380192,-4.760741,11.344451,-1.299646,-5.825988,10.484438,-7.029632,-6.860099,0.009937,-4.869129,-3.961877,-0.246299,-8.533055,-4.036198,-3.365452,-0.719093,-0.546792,-3.388505,-3.052299,-0.587174,15.315444,-5.567045,-24.893156,15.315440,-5.567045,-24.893157,4.771855,11.057868,12.252545,0.397520,8.606111,11.216234,3.960451,-10.309899,-5.695953,3.593883,-13.867395,-6.091369,-5.637540,1.932202,-0.018310,-5.637468,1.050057,0.028174,0
22.831917,-19.826551,-0.970787,1.746574,-14.996939,2.245470,7.886573,-5.204241,-2.470975,1.505171,-49.846576,56.469991,-0.372505,-31.663153,-113.434135,-54.405560,-14.616191,51.308939,-54.126820,-15.060388,51.668013,17.414979,-6.239222,25.520030,13.726983,-8.035609,25.532487,4.003294,-23.246485,-10.433266,4.410175,-21.030136,-10.424274,-8.188645,7.390042,9.118435,-6.608377,-2.280989,9.550918,2.429373,3.933141,3.541452,3.749144,-4.056726,3.404740,0.400545,-8.116204,-3.031414,0.292675,-10.150001,-3.039601,3.060405,2.354325,-1.811291,2.887746,-2.876737,-1.972313,8.354617,-0.572012,-0.734096,8.461776,-11.243400,-2.263171,0.383506,-5.050686,-1.337588,0.274232,-9.666469,-1.373708,0.573648,6.227626,-4.356304,0.268829,2.404691,-4.758230,11.349740,-1.170703,-5.802018,10.446085,-7.034748,-6.858693,0.011440,-4.847351,-3.961383,-0.246694,-8.538668,-4.036302,-3.365383,-0.710017,-0.546639,-3.388369,-3.038117,-0.586928,15.315443,-5.567036,-24.893153,15.315438,-5.567032,-24.893159,4.744858,11.110721,12.256744,0.338080,8.585137,11.205420,3.962415,-10.290150,-5.693702,3.596035,-13.847327,-6.089194,-5.637536,1.927767,-0.018075,-5.637476,1.062655,0.027511,0
22.775102,-19.806783,-0.992000,0.259775,-1.908130,-0.005683,7.997827,-4.600455,2.883504,1.499514,-49.839202,56.444842,-0.303145,-31.367837,-113.443365,-54.419139,-14.594857,51.291642,-54.110407,-15.086259,51.688889,17.403950,-6.246761,25.512144,13.753883,-8.020725,25.541658,4.003969,-23.242756,-10.433260,4.423217,-20.959027,-10.423703,-8.190573,7.402205,9.117732,-6.615501,-2.238391,9.549582,2.410198,3.955191,3.539484,3.754500,-4.170782,3.400865,0.402780,-8.073863,-3.031202,0.294805,-10.109935,-3.039481,3.061025,2.373636,-1.810674,2.889929,-2.813195,-1.970451,8.353465,-0.532398,-0.728615,8.452932,-11.227259,-2.259462,0.384084,-5.026158,-1.337367,0.274272,-9.664324,-1.373702,0.573789,6.229550,-4.356100,0.270771,2.428060,-4.755841,11.346052,-1.116893,-5.792260,10.417269,-7.031057,-6.856284,0.012948,-4.825537,-3.960891,-0.246715,-8.538950,-4.036310,-3.365298,-0.701786,-0.546498,-3.388203,-3.022879,-0.586660,15.315442,-5.567048,-24.893155,15.315442,-5.567048,-24.893153,4.718433,11.152283,12.259069,0.288405,8.563404,11.196036,3.964635,-10.267769,-5.691129,3.598612,-13.823032,-6.086570,-5.637543,1.924821,-0.017916,-5.637472,1.076100,0.026799,0
22.716463,-19.790845,-1.011652,0.245767,-2.048204,-0.047263,8.699818,-4.346042,2.785935,1.493266,-49.834069,56.418642,-0.209611,-31.010367,-113.458195,-54.431478,-14.574739,51.275351,-54.093382,-15.112648,51.710195,17.391312,-6.254475,25.504608,13.781319,-8.005662,25.551225,4.004836,-23.238070,-10.433252,4.436995,-20.883908,-10.423110,-8.192607,7.415023,9.116985,-6.623380,-2.191215,9.548122,2.391040,3.976439,3.537479,3.758420,-4.250953,3.398129,0.405102,-8.029929,-3.030981,0.297031,-10.068056,-3.039344,3.061665,2.393630,-1.810019,2.892130,-2.748932,-1.968576,8.352600,-0.494045,-0.723303,8.445748,-11.210621,-2.255941,0.384642,-5.001863,-1.337153,0.274311,-9.662821,-1.373691,0.573909,6.231066,-4.355933,0.272660,2.450802,-4.753508,11.342712,-1.063782,-5.782633,10.390171,-7.025732,-6.853686,0.014426,-4.804242,-3.960406,-0.246824,-8.540509,-4.036337,-3.365217,-0.693782,-0.546352,-3.388071,-3.008073,-0.586405,15.315450,-5.567042,-24.893160,15.315444,-5.567042,-24.893167,4.691297,11.192921,12.261092,0.239515,8.541619,11.186822,3.966861,-10.245410,-5.688577,3.601090,-13.799763,-6.084052,-5.637537,1.921840,-0.017760,-5.637478,1.089522,0.026090,0
22.667754,-19.771478,-1.053524,-3.728394,-8.685680,-1.975440,3.373805,-11.509569,4.129913,1.473439,-49.827754,56.398071,-0.157754,-30.761582,-113.400265,-54.451069,-14.542191,51.249026,-54.080470,-15.132073,51.725894,17.387191,-6.258981,25.493570,13.802906,-7.993580,25.558383,4.007030,-23.226130,-10.433242,4.564128,-20.190406,-10.416732,-8.193453,7.420318,9.116667,-6.634567,-2.124190,9.546040,2.376268,4.000501,3.536061,3.763807,-4.346270,3.394865,0.406905,-7.996081,-3.030807,0.298747,-10.035787,-3.039246,3.062136,2.409027,-1.809523,2.894131,-2.690438,-1.966848,8.354150,-0.446469,-0.716611,8.443378,-11.193128,-2.253011,0.385061,-4.983841,-1.337001,0.274190,-9.667930,-1.373716,0.574162,6.234296,-4.355578,0.274441,2.472263,-4.751306,11.340995,-1.007373,-5.772333,10.370054,-7.019792,-6.851402,0.015411,-4.790017,-3.960089,-0.247316,-8.547484,-4.036463,-3.365144,-0.685803,-0.546215,-3.387918,-2.995078,-0.586183,15.315443,-5.567048,-24.893163,15.315441,-5.567049,-24.893152,4.665847,11.242167,12.264844,0.201808,8.520025,11.179324,3.968003,-10.233865,-5.687256,3.603602,-13.776171,-6.081498,-5.637549,1.921173,-0.017725,-5.637499,1.105840,0.025230,0
22.609067,-19.771712,-1.098448,-4.668335,-10.908591,-2.528964,3.670639,-10.875349,3.854425,1.451933,-49.823236,56.377093,-0.104762,-30.536148,-113.348258,-54.471036,-14.509641,51.222657,-54.068229,-15.152220,51.742111,17.383311,-6.263514,25.482422,13.825172,-7.981861,25.565524,4.009528,-23.212518,-10.433252,4.695965,-19.470608,-10.408483,-8.194235,7.425259,9.116388,-6.646781,-2.051025,9.543755,2.362033,4.024239,3.534709,3.771842,-4.477115,3.390345,0.408693,-7.962118,-3.030637,0.300473,-10.003190,-3.039142,3.062629,2.424421,-1.809026,2.896150,-2.632019,-1.965138,8.356216,-0.398850,-0.709887,8.442968,-11.175139,-2.250301,0.385467,-4.966770,-1.336844,0.274027,-9.674361,-1.373764,0.574398,6.237395,-4.355246,0.276176,2.493037,-4.749171,11.339761,-0.951169,-5.762053,10.352238,-7.012426,-6.849003,0.016303,-4.777067,-3.959801,-0.247936,-8.556180,-4.036616,-3.365073,-0.678022,-0.546078,-3.387796,-2.982661,-0.585978,15.315446,-5.567042,-24.893155,15.315444,-5.567046,-24.893157,4.639979,11.291668,12.268519,0.166099,8.498421,11.172169,3.969038,-10.223645,-5.686088,3.606027,-13.753412,-6.079044,-5.637546,1.920750,-0.017699,-5.637495,1.122485,0.024353,0
22.563517,-19.774692,-1.149124,-5.284239,-8.372544,-4.447692,1.083177,-7.955937,2.636287,1.440973,-49.838407,56.379193,-0.137285,-30.422861,-113.265904,-54.497062,-14.467589,51.188567,-54.055292,-15.172189,51.758221,17.377273,-6.270270,25.468018,13.836567,-7.974921,25.572561,4.012980,-23.193729,-10.433253,4.748828,-19.181822,-10.404699,-8.193445,7.420288,9.116677,-6.657902,-1.984468,9.541655,2.354427,4.042118,3.534061,3.776933,-4.542072,3.388065,0.410137,-7.934976,-3.030493,0.301266,-9.988362,-3.039099,3.062740,2.427993,-1.808914,2.897947,-2.579277,-1.963576,8.365233,-0.363728,-0.704640,8.441295,-11.166943,-2.248848,0.385709,-4.956172,-1.336751,0.273476,-9.697715,-1.373923,0.574334,6.236617,-4.355333,0.277311,2.506587,-4.747784,11.345485,-0.895158,-5.751516,10.336679,-7.004236,-6.846602,0.016747,-4.770601,-3.959650,-0.249309,-8.575704,-4.036970,-3.365018,-0.673278,-0.545998,-3.387703,-2.973426,-0.585823,15.315446,-5.567041,-24.893159,15.315443,-5.567036,-24.893155,4.615326,11.346519,12.273299,0.137910,8.485560,11.166866,3.968441,-10.229651,-5.686787,3.607383,-13.740811,-6.077682,-5.637561,1.919798,-0.017645,-5.637510,1.138329,0.023524,0
22.518802,-19.783762,-1.195657,-5.072359,-8.092535,-4.300805,1.198708,-6.820475,2.225217,1.429556,-49.856912,56.383085,-0.164991,-30.324206,-113.192086,-54.523534,-14.424102,51.153329,-54.042580,-15.192284,51.774421,17.370696,-6.276892,25.453075,13.846793,-7.968863,25.579566,4.016806,-23.172917,-10.433223,4.768347,-19.075113,-10.403236,-8.192424,7.413764,9.117058,-6.669729,-1.913648,9.539421,2.348102,4.058970,3.533566,3.782677,-4.608213,3.385723,0.411535,-7.908621,-3.030367,0.301940,-9.975539,-3.039053,3.062807,2.430079,-1.808842,2.899728,-2.527293,-1.962055,8.375563,-0.330167,-0.699545,8.441096,-11.159584,-2.247734,0.385922,-4.947193,-1.336670,0.272828,-9.724352,-1.374102,0.574220,6.235257,-4.355484,0.278301,2.518654,-4.746549,11.352489,-0.839336,-5.740936,10.323281,-6.994778,-6.844112,0.017068,-4.765996,-3.959547,-0.250871,-8.598022,-4.037376,-3.364978,-0.669103,-0.545917,-3.387625,-2.965083,-0.585677,15.315445,-5.567031,-24.893165,15.315446,-5.567041,-24.893154,4.590491,11.402268,12.278155,0.112334,8.473805,11.162061,3.967525,-10.238821,-5.687819,3.608497,-13.730180,-6.076530,-5.637552,1.918973,-0.017609,-5.637510,1.154364,0.022674,0
22.460914,-19.913042,-1.341039,-9.678581,-26.903857,-18.782530,-1.092686,-7.729251,2.780338,1.412651,-49.855093,56.378772,-0.179494,-30.317291,-113.196489,-54.552013,-14.377834,51.115802,-54.036585,-15.201550,51.781890,17.363919,-6.284332,25.437211,13.848585,-7.967355,25.582744,4.019454,-23.158480,-10.433214,4.778538,-19.019424,-10.402463,-8.190341,7.400766,9.117836,-6.706667,-1.692279,9.532320,2.340675,4.075351,3.532907,3.786249,-4.658337,3.383969,0.412727,-7.886316,-3.030247,0.302863,-9.958144,-3.038995,3.062781,2.429616,-1.808858,2.901547,-2.474255,-1.960493,8.385531,-0.295507,-0.694294,8.441910,-11.136527,-2.244460,0.386212,-4.935172,-1.336572,0.272593,-9.734068,-1.374170,0.574226,6.235102,-4.355492,0.279928,2.538263,-4.744535,11.361595,-0.789565,-5.731358,10.313889,-6.964484,-6.838168,0.017755,-4.756074,-3.959330,-0.251636,-8.608475,-4.037558,-3.364934,-0.663486,-0.545825,-3.387475,-2.951189,-0.585444,15.315435,-5.567043,-24.893160,15.315443,-5.567041,-24.893161,4.579884,11.455944,12.285254,0.086001,8.481925,11.158751,3.967413,-10.239929,-5.687952,3.609370,-13.721888,-6.075633,-5.637551,1.918852,-0.017602,-5.637513,1.168769,0.021911,0
22.406107,-20.031758,-1.475942,-8.259663,-22.939312,-15.979893,-0.789652,-6.758553,2.407139,1.394821,-49.854048,56.375142,-0.194575,-30.311909,-113.202286,-54.581228,-14.329999,51.076996,-54.031805,-15.209458,51.788243,17.356706,-6.291816,25.420809,13.848325,-7.967276,25.585372,4.022240,-23.143298,-10.433203,4.789318,-18.960436,-10.401606,-8.187932,7.385617,9.118705,-6.756569,-1.392794,9.522450,2.334136,4.090854,3.532343,3.790053,-4.707233,3.382232,0.413839,-7.865222,-3.030132,0.303741,-9.941707,-3.038941,3.062725,2.427597,-1.808929,2.903336,-2.421727,-1.958939,8.396516,-0.261955,-0.689150,8.444048,-11.112020,-2.241172,0.386469,-4.924043,-1.336469,0.272365,-9.744096,-1.374242,0.574173,6.234626,-4.355556,0.281535,2.557699,-4.742534,11.372015,-0.740768,-5.721897,10.306798,-6.930292,-6.831678,0.018378,-4.746932,-3.959116,-0.252406,-8.619574,-4.037762,-3.364869,-0.658138,-0.545731,-3.387341,-2.937255,-0.585199,15.315435,-5.567041,-24.893160,15.315444,-5.567051,-24.893157,4.571080,11.510063,12.292764,0.061679,8.493688,11.156011,3.967134,-10.242494,-5.688244,3.610061,-13.715519,-6.074940,-5.637531,1.918932,-0.017608,-5.637518,1.183093,0.021160,0
22.359598,-20.126459,-1.590389,-7.550070,-20.947440,-14.562051,-0.644292,-6.886087,2.431139,1.376104,-49.853761,56.372177,-0.210193,-30.307996,-113.209430,-54.611749,-14.280494,51.036797,-54.027334,-15.215593,51.793229,17.349437,-6.299898,25.403862,13.845320,-7.968049,25.587517,4.025162,-23.127368,-10.433169,4.800708,-18.898244,-10.400723,-8.185196,7.368374,9.119728,-6.806024,-1.095755,9.512428,2.328498,4.105481,3.531883,3.794084,-4.754902,3.380537,0.414878,-7.845254,-3.030030,0.304559,-9.926254,-3.038886,3.062623,2.424016,-1.809042,2.905121,-2.369673,-1.957406,8.408523,-0.229488,-0.684102,8.447481,-11.086035,-2.237852,0.386703,-4.913780,-1.336382,0.272107,-9.754454,-1.374309,0.574126,6.233847,-4.355633,0.283153,2.576972,-4.740561,11.383754,-0.692919,-5.712529,10.301949,-6.892249,-6.824658,0.018949,-4.738573,-3.958929,-0.253232,-8.631325,-4.037970,-3.364804,-0.653015,-0.545634,-3.387194,-2.923264,-0.584953,15.315434,-5.567044,-24.893157,15.315437,-5.567037,-24.893153,4.564029,11.564628,12.300672,0.039347,8.508990,11.153842,3.966759,-10.246490,-5.688700,3.610520,-13.711043,-6.074451,-5.637545,1.919199,-0.017624,-5.637522,1.197358,0.020403,0
22.348267,-20.162836,-1.666301,-3.909199,-12.055299,-11.097830,-2.386062,-7.165396,-0.893371,1.379107,-49.852695,56.369931,-0.245580,-30.287526,-113.226491,-54.639704,-14.233672,50.998824,-54.017817,-15.230976,51.805605,17.343159,-6.306217,25.387912,13.840622,-7.969495,25.592445,4.027500,-23.114729,-10.433176,4.810846,-18.842816,-10.399918,-8.183860,7.359911,9.120208,-6.836037,-0.915303,9.506208,2.318432,4.119145,3.530840,3.799075,-4.795118,3.379053,0.415943,-7.825255,-3.029926,0.305410,-9.910212,-3.038840,3.062540,2.421685,-1.809121,2.906875,-2.318251,-1.955882,8.413166,-0.194422,-0.678991,8.447721,-11.061651,-2.234298,0.387031,-4.899516,-1.336250,0.272181,-9.751419,-1.374287,0.574245,6.235315,-4.355468,0.284974,2.599089,-4.738291,11.390786,-0.643691,-5.703120,10.293063,-6.849421,-6.816551,0.019813,-4.726391,-3.958647,-0.253438,-8.633992,-4.038021,-3.364756,-0.645227,-0.545510,-3.387038,-2.908367,-0.584698,15.315445,-5.567046,-24.893159,15.315442,-5.567040,-24.893156,4.556208,11.617111,12.308085,0.017455,8.539503,11.152938,3.967098,-10.243113,-5.688320,3.611726,-13.699695,-6.073235,-5.637551,1.920195,-0.017665,-5.637534,1.209281,0.019788,0
22.339171,-20.189071,-1.731390,-3.813860,-11.659167,-10.537290,-2.485711,-7.828335,-1.033102,1.383291,-49.852191,56.368321,-0.285192,-30.265701,-113.246599,-54.668636,-14.186209,50.960273,-54.008356,-15.245790,51.817541,17.337297,-6.313461,25.371920,13.834506,-7.971599,25.597299,4.029815,-23.102098,-10.433171,4.821074,-18.786917,-10.399106,-8.182460,7.351141,9.120734,-6.851860,-0.820153,9.502884,2.308573,4.132166,3.529807,3.804179,-4.833781,3.377618,0.416969,-7.806010,-3.029826,0.306249,-9.894770,-3.038789,3.062439,2.418706,-1.809219,2.908582,-2.267643,-1.954392,8.417713,-0.160070,-0.673962,8.448339,-11.036929,-2.230746,0.387356,-4.885535,-1.336133,0.272264,-9.747599,-1.374262,0.574345,6.236772,-4.355318,0.286807,2.621091,-4.736024,11.398024,-0.595367,-5.693853,10.285047,-6.804832,-6.808201,0.020644,-4.714415,-3.958380,-0.253598,-8.636287,-4.038059,-3.364686,-0.637470,-0.545367,-3.386873,-2.893516,-0.584455,15.315447,-5.567039,-24.893157,15.315440,-5.567043,-24.893155,4.549288,11.669081,12.315592,-0.003214,8.572542,11.152406,3.967408,-10.239912,-5.687957,3.612869,-13.688911,-6.072066,-5.637556,1.921312,-0.017732,-5.637539,1.220889,0.019170,0
22.413039,-20.219767,-1.865107,7.089690,-14.395309,-16.219514,-2.821481,-10.276651,1.721839,1.393519,-49.831950,56.379152,-0.303340,-30.245551,-113.260508,-54.692112,-14.147074,50.928489,-53.994028,-15.268516,51.835838,17.337770,-6.316168,25.358935,13.842903,-7.966313,25.605122,4.032758,-23.086038,-10.433153,4.830373,-18.736044,-10.398342,-8.181172,7.343095,9.121191,-6.862666,-0.755184,9.500625,2.293427,4.144136,3.528059,3.802316,-4.861256,3.376757,0.417710,-7.792056,-3.029747,0.307379,-9.873247,-3.038719,3.062325,2.414869,-1.809340,2.910466,-2.213174,-1.952776,8.416160,-0.125031,-0.669114,8.445921,-11.010570,-2.226518,0.387689,-4.871690,-1.336007,0.272423,-9.741516,-1.374227,0.574451,6.238208,-4.355160,0.288812,2.645492,-4.733510,11.401167,-0.552842,-5.685868,10.274467,-6.768501,-6.801198,0.021593,-4.700508,-3.958060,-0.253709,-8.638181,-4.038097,-3.364593,-0.629002,-0.545219,-3.386739,-2.879126,-0.584197,15.315436,-5.567044,-24.893161,15.315442,-5.567044,-24.893160,4.547787,11.720806,12.324060,-0.023196,8.599369,11.151462,3.968183,-10.232111,-5.687059,3.614362,-13.674929,-6.070547,-5.637548,1.923844,-0.017858,-5.637541,1.233269,0.018516,0
22.479987,-20.251796,-1.995355,6.212219,-14.069194,-15.503898,-2.591168,-9.857567,1.623203,1.405321,-49.810315,56.391696,-0.321502,-30.225245,-113.275640,-54.715902,-14.108026,50.896751,-53.978757,-15.291757,51.854581,17.339374,-6.318936,25.346094,13.851217,-7.960770,25.613330,4.035840,-23.069323,-10.433134,4.839823,-18.684406,-10.397561,-8.179838,7.334627,9.121664,-6.874380,-0.684669,9.498119,2.277691,4.155289,3.526242,3.799712,-4.885565,3.376029,0.418350,-7.779640,-3.029687,0.308524,-9.851435,-3.038643,3.062175,2.409985,-1.809500,2.912314,-2.158534,-1.951151,8.413699,-0.090369,-0.664347,8.443631,-10.983155,-2.222149,0.387994,-4.858027,-1.335887,0.272583,-9.733982,-1.374171,0.574565,6.239642,-4.355011,0.290889,2.670424,-4.730954,11.404140,-0.511638,-5.678130,10.264652,-6.730276,-6.793908,0.022572,-4.686460,-3.957740,-0.253818,-8.639538,-4.038113,-3.364514,-0.620347,-0.545067,-3.386593,-2.864674,-0.583953,15.315445,-5.567043,-24.893151,15.315442,-5.567046,-24.893157,4.548183,11.772584,12.332925,-0.041686,8.629250,11.150967,3.969010,-10.223859,-5.686118,3.615842,-13.661052,-6.069055,-5.637541,1.926782,-0.018024,-5.637545,1.245462,0.017875,0
22.537190,-20.282136,-2.114582,5.792914,-14.593703,-15.765778,-2.560894,-10.162842,1.646041,1.418639,-49.787297,56.405911,-0.339682,-30.204788,-113.291934,-54.738918,-14.070425,50.866162,-53.962826,-15.316438,51.874460,17.342006,-6.320369,25.333413,13.860064,-7.954873,25.621888,4.039019,-23.051980,-10.433114,4.849401,-18.631996,-10.396755,-8.178435,7.325733,9.122209,-6.899257,-0.534906,9.492789,2.261330,4.165621,3.524309,3.796375,-4.906786,3.375429,0.418940,-7.768721,-3.029627,0.309715,-9.829355,-3.038564,3.061985,2.404084,-1.809685,2.914165,-2.103721,-1.949524,8.410305,-0.056070,-0.659678,8.441452,-10.954716,-2.217662,0.388312,-4.844562,-1.335774,0.272810,-9.725027,-1.374106,0.574679,6.241077,-4.354852,0.292992,2.695869,-4.728333,11.406930,-0.471742,-5.670634,10.255561,-6.690217,-6.786342,0.023557,-4.672270,-3.957425,-0.253880,-8.640361,-4.038136,-3.364430,-0.611481,-0.544909,-3.386443,-2.850160,-0.583706,15.315445,-5.567044,-24.893158,15.315439,-5.567051,-24.893157,4.550414,11.824429,12.342163,-0.058725,8.662115,11.150906,3.969866,-10.215200,-5.685128,3.617292,-13.647316,-6.067559,-5.637537,1.930115,-0.018193,-5.637548,1.257485,0.017255,0
22.540188,-20.281547,-2.156132,-0.828230,-2.508780,-5.200318,-1.246083,-2.590813,0.590643,1.423639,-49.765047,56.429366,-0.383130,-30.200515,-113.294513,-54.757554,-14.038785,50.840465,-53.953726,-15.330316,51.885656,17.347950,-6.320082,25.323488,13.869278,-7.949210,25.626773,4.043803,-23.025954,-10.433076,4.857431,-18.588011,-10.396085,-8.177111,7.317514,9.122678,-6.908281,-0.480436,9.490834,2.239155,4.171353,3.521556,3.792971,-4.925546,3.374918,0.419417,-7.759843,-3.029583,0.310851,-9.807835,-3.038491,3.061837,2.399386,-1.809835,2.915934,-2.051867,-1.947978,8.401602,-0.028070,-0.656145,8.440081,-10.931206,-2.214000,0.388580,-4.833191,-1.335665,0.272831,-9.724573,-1.374114,0.574976,6.245072,-4.354422,0.294550,2.714752,-4.726396,11.401996,-0.432092,-5.663601,10.244907,-6.658218,-6.780130,0.024241,-4.662434,-3.957196,-0.254688,-8.651771,-4.038337,-3.364370,-0.603487,-0.544774,-3.386348,-2.839814,-0.583526,15.315443,-5.567048,-24.893158,15.315443,-5.567038,-24.893155,4.540042,11.874576,12.348691,-0.076253,8.691732,11.150517,3.969749,-10.216473,-5.685266,3.617788,-13.642602,-6.067048,-5.637553,1.932586,-0.018320,-5.637545,1.269076,0.016627,0
22.542948,-20.282838,-2.192318,-0.662581,-2.441369,-4.480427,-1.042723,-2.263613,0.504120,1.429206,-49.741702,56.455030,-0.436966,-30.196981,-113.297331,-54.775434,-14.009215,50.816411,-53.945518,-15.343315,51.896107,17.355488,-6.318802,25.314042,13.879013,-7.943971,25.631476,4.048890,-22.998269,-10.433041,4.865395,-18.544490,-10.395406,-8.175762,7.309029,9.123168,-6.917432,-0.425317,9.488841,2.215748,4.175834,3.518621,3.788972,-4.941428,3.374525,0.419812,-7.752452,-3.029545,0.312000,-9.786167,-3.038422,3.061661,2.394013,-1.810010,2.917688,-2.000259,-1.946440,8.391465,-0.001184,-0.652837,8.438946,-10.907458,-2.210353,0.388845,-4.822234,-1.335570,0.272838,-9.724055,-1.374101,0.575301,6.249375,-4.353960,0.296085,2.733218,-4.724491,11.395940,-0.393556,-5.656837,10.234652,-6.625735,-6.773873,0.024891,-4.653030,-3.956978,-0.255548,-8.664107,-4.038554,-3.364274,-0.595445,-0.544636,-3.386240,-2.829935,-0.583364,15.315442,-5.567039,-24.893163,15.315438,-5.567028,-24.893156,4.529596,11.924539,12.355175,-0.092640,8.723412,11.150442,3.969519,-10.218664,-5.685511,3.618155,-13.639154,-6.066671,-5.637536,1.935300,-0.018470,-5.637561,1.280469,0.016023,0
22.508383,-20.259801,-2.252173,-6.276081,-2.640037,-6.058696,-1.482851,-5.834698,2.241635,1.423573,-49.719459,56.487889,-0.506525,-30.212538,-113.289000,-54.787196,-13.988737,50.799802,-53.939550,-15.352869,51.903787,17.353025,-6.321536,25.307343,13.885954,-7.939925,25.634774,4.054272,-22.968883,-10.433013,4.872627,-18.504922,-10.394807,-8.174032,7.298164,9.123808,-6.922445,-0.395104,9.487750,2.192038,4.180109,3.515638,3.786740,-4.949690,3.374328,0.420709,-7.735187,-3.029449,0.312596,-9.774980,-3.038385,3.061706,2.395432,-1.809970,2.919200,-1.955623,-1.945115,8.381332,0.014658,-0.651075,8.438575,-10.890312,-2.207785,0.389049,-4.812880,-1.335491,0.272670,-9.730864,-1.374146,0.575680,6.254262,-4.353431,0.297187,2.746673,-4.723109,11.390233,-0.366667,-5.652201,10.223513,-6.609592,-6.770440,0.025394,-4.645717,-3.956821,-0.256405,-8.676251,-4.038774,-3.364238,-0.590327,-0.544535,-3.386190,-2.823274,-0.583242,15.315432,-5.567044,-24.893160,15.315443,-5.567042,-24.893159,4.517523,11.961656,12.359146,-0.104637,8.741812,11.149997,3.968941,-10.224605,-5.686196,3.618227,-13.638466,-6.066593,-5.637547,1.935770,-0.018494,-5.637557,1.290951,0.015478,0
22.467107,-20.236576,-2.326369,-7.657036,-3.823398,-7.897679,-1.747644,-7.148445,2.724721,1.416925,-49.694729,56.525813,-0.592814,-30.235148,-113.277483,-54.798062,-13.971503,50.785742,-53.934181,-15.360971,51.910323,17.350953,-6.324299,25.301399,13.892536,-7.936160,25.637700,4.059959,-22.937931,-10.432966,4.879697,-18.466234,-10.394173,-8.172217,7.286714,9.124474,-6.926978,-0.367776,9.486749,2.167252,4.183335,3.512491,3.784260,-4.954564,3.374246,0.421625,-7.717787,-3.029354,0.313126,-9.765114,-3.038348,3.061767,2.397233,-1.809908,2.920674,-1.912135,-1.943816,8.370001,0.028090,-0.649719,8.438460,-10.873883,-2.205355,0.389266,-4.804095,-1.335416,0.272495,-9.738613,-1.374203,0.576070,6.259480,-4.352867,0.298205,2.759082,-4.721830,11.383646,-0.342262,-5.648088,10.212569,-6.595296,-6.767348,0.025862,-4.639068,-3.956664,-0.257319,-8.689137,-4.039003,-3.364193,-0.585562,-0.544455,-3.386116,-2.817427,-0.583148,15.315444,-5.567035,-24.893164,15.315442,-5.567043,-24.893160,4.505147,11.996840,12.362731,-0.115112,8.760032,11.149782,3.968226,-10.231811,-5.687027,3.618163,-13.639161,-6.066670,-5.637548,1.936112,-0.018512,-5.637565,1.301154,0.014937,0
22.448784,-20.225838,-2.370578,-1.429253,-0.151797,-6.272107,1.072753,-1.618083,-0.235224,1.409737,-49.627738,56.623691,-0.733292,-30.366650,-113.342029,-54.825864,-13.925168,50.748033,-53.926493,-15.372834,51.919879,17.335280,-6.335944,25.285305,13.897455,-7.933105,25.641904,4.065345,-22.908644,-10.432922,4.881159,-18.458196,-10.394050,-8.171228,7.280444,9.124840,-6.926316,-0.371713,9.486917,2.141345,4.186597,3.509206,3.780662,-4.957650,3.374261,0.422878,-7.694296,-3.029232,0.313651,-9.755031,-3.038314,3.062030,2.405690,-1.809632,2.922028,-1.872417,-1.942629,8.362678,0.046591,-0.647475,8.438758,-10.849980,-2.201885,0.389566,-4.790669,-1.335291,0.272305,-9.746720,-1.374259,0.576477,6.264671,-4.352308,0.299139,2.770299,-4.720678,11.382241,-0.316142,-5.643367,10.204809,-6.581426,-6.764500,0.026618,-4.628170,-3.956417,-0.258327,-8.703491,-4.039270,-3.364126,-0.578065,-0.544320,-3.386092,-2.815319,-0.583103,15.315435,-5.567043,-24.893163,15.315436,-5.567049,-24.893153,4.501173,12.031204,12.367791,-0.124832,8.769947,11.149024,3.968485,-10.229054,-5.686713,3.617727,-13.643148,-6.067109,-5.637539,1.937674,-0.018583,-5.637561,1.311910,0.014378,0
22.429806,-20.217329,-2.416897,-1.529434,-0.546842,-6.963405,1.212525,-1.776159,-0.271268,1.400209,-49.540959,56.752831,-0.910796,-30.544072,-113.427064,-54.854832,-13.876224,50.708220,-53.919064,-15.384609,51.929346,17.317147,-6.348777,25.268310,13.902152,-7.930274,25.646030,4.070906,-22.878313,-10.432872,4.881672,-18.455453,-10.394028,-8.170276,7.274486,9.125189,-6.924519,-0.382620,9.487301,2.114433,4.189030,3.505776,3.776694,-4.957723,3.374392,0.424166,-7.669782,-3.029099,0.314128,-9.745984,-3.038281,3.062350,2.415439,-1.809321,2.923324,-1.834181,-1.941493,8.355011,0.063913,-0.645411,8.439339,-10.825532,-2.198382,0.389884,-4.777004,-1.335169,0.272079,-9.755632,-1.374319,0.576882,6.270126,-4.351721,0.299982,2.780504,-4.719624,11.380928,-0.291769,-5.638965,10.197691,-6.569096,-6.761978,0.027367,-4.617149,-3.956165,-0.259399,-8.718659,-4.039527,-3.364047,-0.570459,-0.544194,-3.386080,-2.814431,-0.583095,15.315454,-5.567047,-24.893166,15.315444,-5.567038,-24.893164,4.498169,12.063890,12.372775,-0.133253,8.778463,11.148376,3.968805,-10.225826,-5.686343,3.617136,-13.648753,-6.067719,-5.637528,1.939334,-0.018688,-5.637560,1.322533,0.013814,0
22.409588,-20.211175,-2.468044,-1.555679,-0.901605,-7.310380,1.224544,-1.747885,-0.277039,1.389240,-49.443622,56.900118,-1.103130,-30.747752,-113.522558,-54.884689,-13.825813,50.667190,-53.911225,-15.395894,51.938461,17.297505,-6.362488,25.250724,13.906079,-7.927248,25.650060,4.076608,-22.847438,-10.432802,4.881440,-18.456677,-10.394045,-8.169383,7.268802,9.125506,-6.921839,-0.398680,9.487890,2.086915,4.190833,3.502250,3.772472,-4.955609,3.374600,0.425485,-7.644678,-3.028968,0.314567,-9.737733,-3.038254,3.062686,2.426118,-1.808972,2.924571,-1.797288,-1.940390,8.347114,0.080235,-0.643510,8.440128,-10.800847,-2.194862,0.390200,-4.763251,-1.335046,0.271849,-9.765109,-1.374386,0.577323,6.275768,-4.351112,0.300761,2.789894,-4.718656,11.379660,-0.268836,-5.634838,10.191103,-6.558016,-6.759677,0.028125,-4.606135,-3.955915,-0.260513,-8.734329,-4.039811,-3.363968,-0.562819,-0.544060,-3.386084,-2.814463,-0.583095,15.315447,-5.567036,-24.893161,15.315445,-5.567036,-24.893155,4.495962,12.095142,12.377657,-0.140612,8.785924,11.147795,3.969159,-10.222280,-5.685932,3.616419,-13.655548,-6.068456,-5.637530,1.941039,-0.018774,-5.637564,1.332980,0.013270,0
22.400045,-20.195146,-2.466309,0.229072,0.701787,-0.864485,1.524991,-1.475007,-1.100033,1.403057,-49.406652,56.953003,-1.207268,-30.793197,-113.572103,-54.908450,-13.785458,50.634339,-53.905448,-15.405210,51.945939,17.277935,-6.375351,25.236574,13.903556,-7.927932,25.653031,4.078595,-22.836530,-10.432794,4.879451,-18.467577,-10.394205,-8.167415,7.256468,9.126222,-6.917568,-0.424500,9.488811,2.068185,4.191019,3.499843,3.773807,-4.956949,3.374511,0.426718,-7.621677,-3.028841,0.314562,-9.738020,-3.038253,3.062989,2.436147,-1.808652,2.925649,-1.765092,-1.939421,8.347498,0.094101,-0.641559,8.441619,-10.778620,-2.191813,0.390486,-4.751967,-1.334946,0.271679,-9.772575,-1.374438,0.577608,6.279651,-4.350694,0.301730,2.801792,-4.717431,11.387405,-0.246727,-5.630343,10.185272,-6.547962,-6.757614,0.029010,-4.593570,-3.955621,-0.261209,-8.744058,-4.039981,-3.363941,-0.557687,-0.543972,-3.386072,-2.813128,-0.583071,15.315445,-5.567050,-24.893157,15.315444,-5.567039,-24.893153,4.499086,12.124326,12.383229,-0.141952,8.786814,11.147646,3.969939,-10.214300,-5.685014,3.615891,-13.660413,-6.068976,-5.637536,1.941041,-0.018771,-5.637558,1.343163,0.012731,0
22.389954,-20.179811,-2.465647,0.243705,0.617620,-1.146380,1.733207,-1.645887,-1.244038,1.414153,-49.379220,56.993062,-1.290167,-30.832555,-113.613380,-54.932609,-13.745152,50.601479,-53.900269,-15.413530,51.952627,17.256945,-6.389015,25.222162,13.899729,-7.929603,25.655798,4.080234,-22.827589,-10.432788,4.876437,-18.484075,-10.394457,-8.165352,7.243472,9.126990,-6.912128,-0.457225,9.490002,2.049880,4.190327,3.497475,3.775619,-4.956366,3.374471,0.427957,-7.598161,-3.028709,0.314439,-9.740308,-3.038259,3.063339,2.447119,-1.808303,2.926667,-1.734745,-1.938521,8.348769,0.106664,-0.639753,8.443447,-10.756311,-2.188791,0.390744,-4.740820,-1.334843,0.271491,-9.780416,-1.374492,0.577895,6.283506,-4.350280,0.302674,2.813222,-4.716252,11.396473,-0.226127,-5.626047,10.180029,-6.539279,-6.755822,0.029887,-4.580702,-3.955334,-0.261864,-8.753616,-4.040155,-3.363870,-0.552802,-0.543878,-3.386060,-2.812579,-0.583059,15.315446,-5.567036,-24.893155,15.315437,-5.567040,-24.893157,4.503734,12.151857,12.388860,-0.141407,8.785697,11.147651,3.970842,-10.205332,-5.683989,3.615278,-13.666291,-6.069610,-5.637530,1.940877,-0.018775,-5.637577,1.353165,0.012203,0
22.383308,-20.153211,-2.453536,1.352538,2.393758,1.200105,2.251811,-1.205549,-0.438748,1.416455,-49.360999,57.025477,-1.308451,-30.810580,-113.636307,-54.955958,-13.705638,50.569285,-53.890660,-15.428614,51.964754,17.245306,-6.398113,25.208709,13.889486,-7.933987,25.660701,4.079696,-22.830534,-10.432785,4.871246,-18.512513,-10.394903,-8.162633,7.226408,9.127967,-6.905931,-0.494579,9.491342,2.035642,4.188755,3.495621,3.776390,-4.950350,3.374640,0.428483,-7.588337,-3.028659,0.314605,-9.737059,-3.038247,3.063531,2.453200,-1.808097,2.927611,-1.707177,-1.937692,8.354465,0.116900,-0.638051,8.444398,-10.736601,-2.186041,0.390771,-4.739368,-1.334833,0.271473,-9.780791,-1.374493,0.577941,6.283911,-4.350235,0.303730,2.825911,-4.714943,11.408811,-0.210722,-5.622519,10.175639,-6.539988,-6.755714,0.030137,-4.577123,-3.955247,-0.262302,-8.759689,-4.040264,-3.363854,-0.550497,-0.543848,-3.386072,-2.812848,-0.583065,15.315450,-5.567048,-24.893157,15.315447,-5.567041,-24.893154,4.519839,12.175459,12.396076,-0.136406,8.785057,11.148382,3.970777,-10.205978,-5.684075,3.614660,-13.672096,-6.070248,-5.637545,1.942475,-0.018845,-5.637565,1.361136,0.011786,0
22.376329,-20.126766,-2.441907,1.395477,2.357749,1.127707,2.342783,-1.231458,-0.450597,1.418694,-49.344138,57.056402,-1.326517,-30.786739,-113.661143,-54.978919,-13.666311,50.537250,-53.880126,-15.444300,51.977400,17.233552,-6.406677,25.195219,13.876977,-7.938849,25.665793,4.078538,-22.836834,-10.432802,4.864892,-18.547222,-10.395456,-8.159740,7.208189,9.129048,-6.898691,-0.538195,9.492908,2.022337,4.186353,3.493874,3.777375,-4.941964,3.374880,0.428916,-7.580146,-3.028611,0.314730,-9.734609,-3.038242,3.063728,2.459305,-1.807901,2.928485,-1.681511,-1.936921,8.361534,0.125758,-0.636486,8.445470,-10.717192,-2.183348,0.390772,-4.739478,-1.334830,0.271490,-9.780360,-1.374487,0.577920,6.283756,-4.350251,0.304760,2.838436,-4.713655,11.422706,-0.197298,-5.619258,10.171844,-6.543194,-6.756077,0.030304,-4.574684,-3.955196,-0.262685,-8.765109,-4.040360,-3.363843,-0.548778,-0.543811,-3.386074,-2.813883,-0.583087,15.315444,-5.567037,-24.893164,15.315446,-5.567044,-24.893160,4.538912,12.197177,12.403583,-0.129221,8.782880,11.149343,3.970637,-10.207264,-5.684218,3.613966,-13.678717,-6.070962,-5.637522,1.944202,-0.018946,-5.637580,1.368690,0.011383,0
22.383189,-20.097508,-2.423477,2.141600,5.052525,0.984354,1.141607,0.787787,-1.701986,1.414893,-49.326732,57.081317,-1.336584,-30.766550,-113.670648,-54.999256,-13.631721,50.509049,-53.872133,-15.457843,51.988246,17.229095,-6.411770,25.183766,13.864572,-7.944844,25.670027,4.074346,-22.859708,-10.432834,4.858835,-18.580314,-10.395983,-8.153851,7.171165,9.131181,-6.892475,-0.575675,9.494242,2.017337,4.177149,3.493124,3.780818,-4.938674,3.374889,0.428793,-7.582681,-3.028624,0.314584,-9.737537,-3.038256,3.063853,2.463589,-1.807764,2.929248,-1.658794,-1.936239,8.370882,0.130925,-0.635314,8.445515,-10.712356,-2.182631,0.390672,-4.743900,-1.334873,0.271322,-9.787212,-1.374537,0.577922,6.283912,-4.350240,0.305626,2.848914,-4.712576,11.437458,-0.186342,-5.616394,10.167729,-6.555935,-6.758076,0.030388,-4.573538,-3.955170,-0.263239,-8.772848,-4.040489,-3.363837,-0.547540,-0.543784,-3.386078,-2.814440,-0.583099,15.315450,-5.567032,-24.893157,15.315446,-5.567045,-24.893147,4.561708,12.218822,12.411820,-0.120878,8.782784,11.150640,3.969825,-10.215645,-5.685181,3.613053,-13.687289,-6.071892,-5.637540,1.946144,-0.019034,-5.637569,1.375994,0.011004,0
22.392279,-20.063996,-2.404684,2.391377,5.519879,0.937173,1.117591,0.823785,-1.696433,1.410580,-49.309124,57.106646,-1.345667,-30.745191,-113.680186,-55.018934,-13.597675,50.481307,-53.862973,-15.470755,51.998685,17.225634,-6.416079,25.172602,13.849496,-7.951002,25.674235,4.069146,-22.887936,-10.432890,4.851933,-18.618115,-10.396551,-8.147313,7.130132,9.133567,-6.885589,-0.617125,9.495730,2.014431,4.166167,3.492626,3.784839,-4.934340,3.374894,0.428481,-7.588245,-3.028665,0.314340,-9.741961,-3.038271,3.063983,2.467597,-1.807629,2.929948,-1.638046,-1.935612,8.381685,0.134409,-0.634316,8.445473,-10.710147,-2.182313,0.390514,-4.750289,-1.334926,0.271159,-9.794601,-1.374582,0.577927,6.283692,-4.350257,0.306444,2.858938,-4.711543,11.453585,-0.177354,-5.613809,10.164030,-6.572239,-6.760720,0.030389,-4.573512,-3.955171,-0.263772,-8.780438,-4.040620,-3.363818,-0.546830,-0.543770,-3.386095,-2.815515,-0.583115,15.315444,-5.567042,-24.893162,15.315439,-5.567048,-24.893153,4.587477,12.238994,12.420408,-0.110596,8.781809,11.152177,3.968830,-10.225682,-5.686324,3.612032,-13.696815,-6.072921,-5.637532,1.948224,-0.019146,-5.637573,1.382922,0.010637,0
7.046688,51.420788,-2.470875,30.426297,-52.975089,3.895866,6.391315,-28.138208,-0.428126,-20.431511,53.363403,40.711364,12.402636,55.224912,-161.696125,-41.551007,-28.063997,61.403298,-49.779730,-20.838970,56.212503,5.984573,-11.846973,31.391151,13.481182,-7.800683,27.702289,2.878115,-29.379445,-10.375962,3.676125,-25.027503,-10.429058,-5.465017,-9.055418,9.691257,-7.068460,0.486734,9.454675,5.592947,-34.541893,1.702798,4.719854,-13.243835,2.967357,-0.733095,-29.651544,-2.924123,-0.121342,-17.940123,-3.035503,2.654083,-9.370867,-2.149222,2.685463,-8.529551,-2.127807,5.294041,-35.766930,-4.462010,7.513228,-16.986874,-2.891642,-0.255004,-31.096964,-1.422499,0.125575,-15.782993,-1.407818,-0.969248,-10.725072,-5.968322,-0.086802,-1.689941,-5.165392,7.823025,-27.550770,-10.074070,9.997013,-11.853491,-7.688842,-2.101676,-34.234791,-4.084566,-0.682091,-14.637317,-4.123219,-3.572258,-17.963890,-0.819504,-3.419226,-5.935859,-0.635704,15.315447,-5.567043,-24.893155,15.315443,-5.567041,-24.893156,2.496697,-9.995485,9.840410,-1.322819,5.802815,10.805581,0.592435,-37.690649,-8.072590,2.922289,-19.861127,-6.704108,-5.516715,-14.723184,0.847702,-5.634718,-0.918358,0.131839,0
6.829593,51.414908,-2.041405,23.195872,-98.091738,54.089630,60.238583,-97.088567,-19.190306,-20.504786,55.408058,37.450122,11.578214,55.057062,-163.224022,-41.604326,-28.027412,61.379040,-49.835599,-20.776013,56.164479,5.956642,-11.863499,31.369600,14.486905,-7.261209,27.708876,2.869653,-29.425672,-10.375066,3.836641,-24.153623,-10.432400,-5.457018,-9.102431,9.691759,-7.170216,1.103288,9.430187,5.572586,-34.418764,1.721144,4.690779,-13.188425,2.974868,-0.734349,-29.676299,-2.923755,-0.108683,-17.701432,-3.036460,2.651855,-9.430242,-2.150714,2.690894,-8.383359,-2.124052,5.329261,-35.205992,-4.407930,7.520095,-16.321743,-2.801806,-0.253406,-31.032401,-1.422648,0.141093,-15.151240,-1.405027,-0.961050,-10.646698,-5.961970,-0.045683,-1.232992,-5.121215,7.989267,-26.583360,-9.948189,9.966028,-11.791969,-7.673089,-2.096996,-34.169253,-4.085512,-0.636842,-14.009057,-4.116416,-3.567694,-17.642897,-0.815035,-3.418415,-5.862567,-0.634492,15.315445,-5.567037,-24.893160,15.315443,-5.567042,-24.893160,2.468881,-9.950688,9.847935,-1.300573,5.784930,10.807183,0.599549,-37.640568,-8.069781,3.004582,-19.156664,-6.635749,-5.518260,-14.617591,0.842361,-5.635442,-0.583833,0.114224,0
6.696773,51.482034,-1.765972,24.492926,-65.026911,28.079749,43.390425,-74.577426,-11.108593,-20.535769,57.122389,34.602580,10.785895,54.748486,-164.849668,-41.660108,-27.989151,61.353648,-49.895745,-20.708009,56.112559,5.928574,-11.880185,31.347035,15.342089,-6.801557,27.715872,2.861280,-29.471491,-10.374173,3.968601,-23.435361,-10.433300,-5.448188,-9.154376,9.692313,-7.265873,1.684633,9.406100,5.552267,-34.322321,1.738093,4.661589,-13.124924,2.982679,-0.735582,-29.700382,-2.923393,-0.088966,-17.329856,-3.037849,2.649573,-9.491046,-2.152241,2.697360,-8.208499,-2.119525,5.359651,-34.702659,-4.358740,7.521209,-15.737595,-2.722163,-0.251634,-30.961236,-1.422811,0.157329,-14.488475,-1.401922,-0.919736,-10.249971,-5.929636,-0.010237,-0.836135,-5.082588,8.126299,-25.779353,-9.841738,9.935027,-11.724016,-7.656234,-2.091904,-34.097844,-4.086527,-0.589831,-13.355341,-4.108804,-3.561556,-17.209536,-0.808957,-3.415437,-5.590827,-0.629979,15.315446,-5.567044,-24.893155,15.315436,-5.567045,-24.893158,2.440987,-9.895453,9.856086,-1.278075,5.770097,10.808948,0.607082,-37.587313,-8.066795,3.086212,-18.450172,-6.566190,-5.519858,-14.507076,0.836759,-5.636073,-0.235091,0.095863,0
6.688529,50.882395,-1.357526,28.028244,-82.721427,62.111460,29.107649,-4.202890,8.628218,-20.360768,56.600558,34.186840,10.719231,55.527383,-167.035753,-41.699303,-27.961864,61.335520,-50.676016,-19.797681,55.413448,5.902189,-11.895845,31.331445,15.732236,-6.669152,27.354780,2.854104,-29.510780,-10.373417,4.169048,-22.343926,-10.431500,-5.445289,-9.171378,9.692491,-7.457775,2.855884,9.354630,5.508427,-34.273720,1.766966,4.610040,-12.619521,3.012117,-0.736382,-29.715951,-2.923173,-0.080512,-17.170585,-3.038411,2.647702,-9.541192,-2.153496,2.700844,-8.114121,-2.117070,5.371184,-34.227331,-4.301888,7.482561,-15.684253,-2.706000,-0.250104,-30.899583,-1.422950,0.166033,-14.131951,-1.400174,-0.911953,-10.174975,-5.923484,0.011698,-0.588883,-5.058396,8.202755,-25.230509,-9.761691,9.887609,-11.656643,-7.637252,-2.087900,-34.041773,-4.087317,-0.562530,-12.974931,-4.104127,-3.560872,-17.159847,-0.808250,-3.413441,-5.408818,-0.626948,15.315446,-5.567044,-24.893155,15.315446,-5.567041,-24.893163,2.408313,-9.858543,9.863867,-1.266889,5.752826,10.809345,0.610121,-37.565886,-8.065598,3.101869,-18.313723,-6.552636,-5.520403,-14.470005,0.834890,-5.636145,-0.192091,0.093601,0
6.711036,50.442000,-1.077694,29.493681,-68.381076,43.036337,26.591958,-11.602282,6.958449,-20.264588,56.262033,33.802098,10.641659,55.991733,-169.000969,-41.738078,-27.934998,61.317656,-51.437272,-18.858370,54.684422,5.876083,-11.911517,31.316081,15.964851,-6.626029,26.989488,2.847157,-29.548772,-10.372657,4.331230,-21.460360,-10.427241,-5.442615,-9.187155,9.692644,-7.632775,3.930450,9.303920,5.460281,-34.220588,1.798538,4.546914,-11.894511,3.051400,-0.737078,-29.729767,-2.922960,-0.060949,-16.802232,-3.039615,2.645825,-9.590863,-2.154746,2.710349,-7.856178,-2.110344,5.381974,-33.723624,-4.241297,7.441425,-15.626193,-2.688709,-0.248477,-30.834175,-1.423104,0.173617,-13.822011,-1.398612,-0.905493,-10.112730,-5.918374,0.027812,-0.406440,-5.040490,8.259664,-24.784047,-9.694384,9.837804,-11.584395,-7.617172,-2.083734,-33.983375,-4.088140,-0.538114,-12.634490,-4.099794,-3.560145,-17.109250,-0.807543,-3.411910,-5.268759,-0.624613,15.315440,-5.567044,-24.893163,15.315445,-5.567040,-24.893162,2.374920,-9.816150,9.872061,-1.257186,5.737603,10.809678,0.612854,-37.546608,-8.064508,3.109170,-18.250133,-6.546311,-5.520922,-14.434146,0.833059,-5.636223,-0.148262,0.091289,0
6.736016,50.115425,-0.881237,34.034389,-66.893357,35.293151,30.456584,-20.119709,7.155609,-20.202378,55.990780,33.396633,10.553417,56.231979,-170.727314,-41.776261,-27.908475,61.300004,-51.976107,-18.161079,54.138496,5.850095,-11.927018,31.300932,16.198746,-6.562109,26.730159,2.840436,-29.585523,-10.371941,4.456915,-20.775292,-10.422237,-5.440146,-9.201732,9.692803,-7.778181,4.828229,9.259060,5.407749,-34.162881,1.832844,4.486131,-11.216530,3.087304,-0.737709,-29.741847,-2.922773,-0.025565,-16.136050,-3.041462,2.643979,-9.640138,-2.155984,2.727099,-7.400216,-2.098359,5.392993,-33.176089,-4.175620,7.397749,-15.563353,-2.670296,-0.246747,-30.764974,-1.423262,0.182892,-13.441777,-1.396635,-0.898832,-10.048411,-5.913084,0.044227,-0.220111,-5.022145,8.315397,-24.332569,-9.625581,9.785594,-11.507195,-7.595998,-2.079377,-33.922585,-4.088997,-0.509151,-12.230075,-4.094451,-3.559429,-17.057737,-0.806810,-3.410475,-5.136498,-0.622408,15.315451,-5.567040,-24.893160,15.315436,-5.567045,-24.893159,2.340780,-9.768219,9.880671,-1.248929,5.724431,10.809942,0.615276,-37.529480,-8.063549,3.131165,-18.057845,-6.527134,-5.521428,-14.399411,0.831311,-5.636293,-0.103541,0.088941,0
7.198054,49.333130,-0.921214,65.714597,-71.410747,9.683739,5.231607,30.995611,14.916906,-19.896147,55.846474,33.006548,11.062324,57.713870,-170.979057,-41.793670,-27.896371,61.291951,-52.122683,-17.966166,53.985220,5.846679,-11.928641,31.293597,16.221023,-6.567107,26.657038,2.839670,-29.589699,-10.371865,4.529694,-20.378285,-10.418612,-5.440929,-9.197093,9.692754,-7.889731,5.520303,9.222881,5.351840,-34.120424,1.868379,4.451573,-10.963066,3.102095,-0.738235,-29.752417,-2.922633,-0.006393,-15.775085,-3.042294,2.642103,-9.690014,-2.157216,2.740243,-7.040061,-2.088790,5.360432,-33.131586,-4.150724,7.348576,-15.528244,-2.654421,-0.245642,-30.719870,-1.423361,0.183764,-13.406338,-1.396452,-0.894232,-10.004043,-5.909435,0.048325,-0.173304,-5.017525,8.293626,-24.280513,-9.607159,9.714835,-11.500838,-7.585055,-2.076572,-33.883263,-4.089542,-0.506566,-12.194058,-4.093968,-3.558955,-17.024276,-0.806341,-3.409981,-5.091417,-0.621651,15.315443,-5.567042,-24.893161,15.315442,-5.567046,-24.893159,2.301866,-9.744682,9.888548,-1.173440,5.176380,10.791804,0.616224,-37.522796,-8.063178,3.134117,-18.032057,-6.524558,-5.521635,-14.385092,0.830574,-5.636324,-0.073502,0.087356,0
7.558379,48.654740,-0.965607,59.782933,-67.686897,10.402609,9.750015,26.510970,16.566873,-19.619243,55.711498,32.568384,11.452443,58.851826,-171.432790,-41.808253,-27.886078,61.285086,-52.167788,-17.906068,53.937891,5.846290,-11.928842,31.287492,16.253370,-6.555363,26.635745,2.839887,-29.588506,-10.371877,4.597718,-20.007118,-10.414802,-5.442310,-9.188926,9.692664,-7.994777,6.174779,9.187453,5.291921,-34.076254,1.906293,4.423101,-10.809148,3.111964,-0.738702,-29.761322,-2.922486,0.014407,-15.384025,-3.043057,2.640245,-9.739628,-2.158465,2.753455,-6.676428,-2.079046,5.325616,-33.079703,-4.123632,7.296617,-15.492905,-2.637948,-0.244521,-30.674891,-1.423446,0.184752,-13.366091,-1.396239,-0.889746,-9.960613,-5.905858,0.052551,-0.125055,-5.012762,8.270696,-24.220164,-9.586724,9.575135,-11.491041,-7.563946,-2.073829,-33.844811,-4.090073,-0.503612,-12.152862,-4.093414,-3.558508,-16.992485,-0.805895,-3.409509,-5.047130,-0.620908,15.315447,-5.567039,-24.893160,15.315442,-5.567046,-24.893164,2.261729,-9.719862,9.896677,-0.797630,3.015943,10.720857,0.616719,-37.519237,-8.062980,3.137338,-18.003916,-6.521741,-5.521782,-14.374438,0.830046,-5.636384,-0.044696,0.085847,0
7.780689,48.151953,-1.230896,41.644420,-51.338866,-33.404348,11.585826,16.642939,2.465292,-19.202277,54.996741,32.824191,14.330257,60.185850,-171.480376,-41.823077,-27.876205,61.278522,-52.207818,-17.851852,53.895199,5.857706,-11.921749,31.280708,16.271674,-6.550244,26.616225,2.838119,-29.598104,-10.371683,4.823216,-18.775192,-10.398924,-5.443324,-9.182921,9.692604,-8.126977,7.002343,9.140912,5.245140,-34.016041,1.936817,4.420717,-10.824626,3.111697,-0.740854,-29.803676,-2.921858,0.057852,-14.566670,-3.044189,2.637732,-9.806002,-2.160108,2.787443,-5.733276,-2.053391,5.297114,-33.030554,-4.100664,7.246617,-15.524982,-2.630815,-0.244575,-30.677055,-1.423445,0.184833,-13.362420,-1.396220,-0.888732,-9.950935,-5.905060,0.057239,-0.071668,-5.007492,8.245614,-24.178456,-9.569225,9.286466,-11.572242,-7.537671,-2.074224,-33.850322,-4.089998,-0.503303,-12.148503,-4.093354,-3.558436,-16.986967,-0.805812,-3.409150,-5.013818,-0.620351,15.315450,-5.567036,-24.893155,15.315445,-5.567043,-24.893161,2.219042,-9.728623,9.903210,0.570234,-4.887052,10.351670,0.614289,-37.536521,-8.063954,3.136351,-18.012477,-6.522603,-5.521690,-14.381158,0.830380,-5.636381,-0.039285,0.085561,0
7.992691,47.720329,-1.402164,40.305084,-50.251934,-21.140889,11.216530,8.970770,2.358620,-18.767068,54.248541,33.020939,16.651639,61.260542,-171.746172,-41.835300,-27.867558,61.272755,-52.252304,-17.791855,53.847911,5.872883,-11.912252,31.274933,16.291262,-6.545252,26.594615,2.836890,-29.604923,-10.371553,5.038542,-17.596342,-10.379196,-5.444796,-9.174336,9.692522,-8.263884,7.864453,9.090378,5.196966,-33.952120,1.968201,4.421572,-10.844274,3.110822,-0.743186,-29.849515,-2.921170,0.104246,-13.694491,-3.044720,2.635138,-9.874574,-2.161810,2.819039,-4.845931,-2.028741,5.267682,-32.975823,-4.076507,7.194649,-15.566518,-2.624409,-0.244787,-30.686093,-1.423432,0.184894,-13.360077,-1.396209,-0.888328,-9.946851,-5.904717,0.062096,-0.016384,-5.002028,8.219296,-24.132699,-9.550525,8.781848,-13.092924,-7.716407,-2.075122,-33.862858,-4.089818,-0.503077,-12.145229,-4.093305,-3.558424,-16.986548,-0.805805,-3.408810,-4.982711,-0.619831,15.315453,-5.567045,-24.893156,15.315451,-5.567042,-24.893153,2.175017,-9.741132,9.909756,0.098156,-8.650207,10.271887,0.611036,-37.559357,-8.065221,3.134996,-18.024401,-6.523797,-5.521508,-14.393295,0.830987,-5.636390,-0.038225,0.085504,0
8.198997,47.323827,-1.519424,39.677489,-49.825881,-13.739538,11.341688,4.632786,2.365922,-18.358157,53.541180,33.142623,18.406314,62.058333,-172.143552,-41.845246,-27.860786,61.268247,-52.300710,-17.726271,53.796185,5.892317,-11.900378,31.269971,16.311958,-6.540017,26.570968,2.836143,-29.609004,-10.371467,5.212065,-16.644282,-10.360017,-5.446677,-9.163275,9.692398,-8.396980,8.707572,9.038987,5.147391,-33.884597,2.000409,4.425640,-10.867990,3.109354,-0.745702,-29.898744,-2.920435,0.146137,-12.906887,-3.044591,2.632475,-9.945306,-2.163581,2.843734,-4.144277,-2.008903,5.237339,-32.915625,-4.051214,7.140775,-15.617280,-2.618684,-0.245186,-30.701769,-1.423387,0.184920,-13.359060,-1.396198,-0.888465,-9.948216,-5.904842,0.067078,0.040751,-4.996371,8.191742,-24.082990,-9.530646,8.267136,-14.942930,-7.925886,-2.076511,-33.882231,-4.089553,-0.502912,-12.143009,-4.093275,-3.558479,-16.991088,-0.805883,-3.408501,-4.953746,-0.619343,15.315449,-5.567043,-24.893158,15.315451,-5.567042,-24.893153,2.129651,-9.757315,9.916333,-0.789501,-11.077492,10.380421,0.607052,-37.587571,-8.066815,3.133259,-18.039573,-6.525294,-5.521267,-14.410787,0.831887,-5.636385,-0.041418,0.085660,0
8.426577,47.057235,-1.778102,34.996425,-20.492226,-42.778857,3.790278,16.063424,-7.308392,-18.104407,52.644536,34.297064,20.335282,62.860746,-171.726026,-41.845182,-27.860562,61.268094,-52.341556,-17.670703,53.752334,5.907248,-11.891218,31.269454,16.320735,-6.540022,26.550513,2.833599,-29.622901,-10.371184,5.418904,-15.506522,-10.333297,-5.446588,-9.163743,9.692404,-8.404279,8.753963,9.036083,5.134486,-33.795251,2.011460,4.437289,-10.953621,3.104441,-0.761979,-30.218010,-2.915590,0.172927,-12.403104,-3.044205,2.613356,-10.450887,-2.176029,2.862567,-3.604786,-1.993448,5.225030,-32.878932,-4.039430,7.076326,-15.719194,-2.616980,-0.246885,-30.770082,-1.423246,0.185280,-13.343962,-1.396122,-0.890096,-9.964067,-5.906143,0.072796,0.106181,-4.989888,8.170994,-24.071662,-9.520795,7.666377,-17.424863,-8.191619,-2.080196,-33.933956,-4.088832,-0.502836,-12.141798,-4.093259,-3.558627,-16.999771,-0.805995,-3.408164,-4.923166,-0.618835,15.315447,-5.567039,-24.893157,15.315445,-5.567040,-24.893163,2.087389,-9.780925,9.922012,-1.982974,-13.988759,10.660216,0.600341,-37.634893,-8.069478,3.132253,-18.048420,-6.526200,-5.521087,-14.422763,0.832480,-5.636378,-0.045954,0.085913,0
8.651526,46.761030,-1.966196,36.804039,-28.314829,-32.487558,5.669236,12.682357,-6.453788,-17.840147,51.783539,35.320661,21.908690,63.525528,-171.586341,-41.841864,-27.863222,61.269871,-52.384943,-17.612138,53.706077,5.925346,-11.880195,31.270123,16.329204,-6.540600,26.528748,2.831245,-29.635802,-10.370943,5.598557,-14.515426,-10.306682,-5.446607,-9.163632,9.692417,-8.413698,8.813814,9.032364,5.118426,-33.509249,2.031659,4.456061,-11.115835,3.095525,-0.822579,-31.411870,-2.896670,0.197563,-11.939951,-3.043646,2.592511,-10.998195,-2.189313,2.879074,-3.128485,-1.979659,5.214304,-32.840746,-4.028393,6.950493,-17.089439,-2.761809,-0.248891,-30.850603,-1.423064,0.185667,-13.328139,-1.396037,-0.892396,-9.986280,-5.907961,0.078736,0.174199,-4.983150,8.150109,-24.061976,-9.511224,7.205354,-19.078657,-8.332638,-2.084600,-33.995456,-4.087968,-0.502809,-12.141591,-4.093258,-3.558800,-17.013107,-0.806193,-3.407846,-4.894127,-0.618346,15.315451,-5.567041,-24.893161,15.315446,-5.567046,-24.893155,2.044427,-9.808510,9.927604,-2.763588,-16.289850,10.942232,0.592667,-37.689109,-8.072508,3.131033,-18.059140,-6.527262,-5.520869,-14.438430,0.833292,-5.636361,-0.054171,0.086336,0
8.833677,46.306947,-2.129662,40.228496,-25.104595,-35.889906,14.754415,38.399823,-13.028899,-17.377219,51.527171,36.050004,21.733407,64.201061,-170.878300,-41.834348,-27.868350,61.273286,-52.405627,-17.583989,53.683838,5.921987,-11.882342,31.273436,16.331895,-6.541735,26.518370,2.829094,-29.647655,-10.370686,5.710943,-13.893798,-10.288402,-5.442112,-9.190202,9.692697,-8.416702,8.832933,9.031185,5.132180,-33.425374,2.026731,4.562524,-13.292270,2.993734,-0.880572,-32.561676,-2.877237,0.200057,-11.892979,-3.043577,2.572820,-11.512357,-2.201623,2.880829,-3.077605,-1.978180,5.217605,-32.822007,-4.027947,6.798150,-18.952457,-2.958366,-0.262430,-31.396549,-1.421771,0.187538,-13.251425,-1.395627,-0.894857,-10.009921,-5.909913,0.100691,0.426579,-4.958069,8.139501,-24.092093,-9.513162,7.080635,-19.563860,-8.373442,-2.089912,-34.069879,-4.086922,-0.498355,-12.079270,-4.092410,-3.559048,-17.030583,-0.806430,-3.407495,-4.861920,-0.617808,15.315439,-5.567040,-24.893167,15.315441,-5.567042,-24.893158,2.016156,-9.852904,9.929873,-2.952558,-16.603479,11.009193,0.581357,-37.768760,-8.076953,3.135967,-18.015882,-6.522936,-5.520516,-14.462026,0.834482,-5.636349,-0.059714,0.086625,0
9.017456,45.885883,-2.260762,40.124789,-30.460151,-28.247964,14.604865,28.009591,-10.043095,-16.978280,51.281059,36.641048,21.717508,64.784360,-170.395337,-41.823506,-27.875962,61.278362,-52.424853,-17.557132,53.662638,5.918085,-11.884794,31.278154,16.333000,-6.543203,26.508525,2.827089,-29.658569,-10.370479,5.816715,-13.307624,-10.270041,-5.437031,-9.220006,9.692993,-8.420556,8.857459,9.029630,5.152862,-33.359443,2.017136,4.639169,-14.958841,2.913799,-0.920346,-33.355244,-2.863175,0.203065,-11.836480,-3.043492,2.558854,-11.875229,-2.210201,2.882875,-3.018062,-1.976441,5.224164,-32.804684,-4.029550,6.668729,-20.254163,-3.085413,-0.288221,-32.436554,-1.418938,0.189629,-13.165613,-1.395163,-0.897869,-10.038987,-5.912296,0.134178,0.814099,-4.919383,8.130200,-24.129078,-9.516912,6.976370,-19.896235,-8.395017,-2.104560,-34.275177,-4.083990,-0.493335,-12.009089,-4.091452,-3.559353,-17.052465,-0.806739,-3.407166,-4.830490,-0.617276,15.315442,-5.567041,-24.893158,15.315445,-5.567041,-24.893159,1.989290,-9.902938,9.931645,-2.944091,-16.946293,11.025959,0.523102,-38.178616,-8.099559,3.141584,-17.966642,-6.518010,-5.520124,-14.489791,0.835886,-5.636342,-0.067908,0.087076,0
9.213586,45.502263,-2.376986,39.316722,-33.378226,-22.758934,12.826153,18.435783,-7.061146,-16.622312,51.041902,37.139117,21.807538,65.367366,-170.011744,-41.809519,-27.885372,61.284620,-52.443186,-17.532795,53.643374,5.913334,-11.887760,31.284305,16.333521,-6.545096,26.499180,2.825248,-29.668522,-10.370291,5.938866,-12.629147,-10.247437,-5.431437,-9.252806,9.693321,-8.425226,8.887147,9.027784,5.179493,-33.291611,2.004203,4.684657,-16.045820,2.861372,-0.947462,-33.898656,-2.853220,0.206536,-11.771029,-3.043390,2.548839,-12.134561,-2.216271,2.885209,-2.950432,-1.974467,5.233824,-32.788839,-4.033135,6.557767,-21.153938,-3.164016,-0.311793,-33.388852,-1.415932,0.204377,-12.559208,-1.391819,-0.901391,-10.073183,-5.915123,0.165585,1.180468,-4.882591,8.122223,-24.172545,-9.522390,6.843752,-20.411385,-8.435465,-2.152424,-34.946745,-4.074041,-0.487785,-11.931657,-4.090383,-3.559722,-17.078485,-0.807107,-3.406848,-4.799991,-0.616768,15.315437,-5.567042,-24.893154,15.315446,-5.567044,-24.893160,1.963926,-9.958189,9.932935,-2.930715,-17.974393,11.081827,0.417898,-38.916079,-8.139209,3.147821,-17.911866,-6.512525,-5.519657,-14.521438,0.837488,-5.636327,-0.078620,0.087630,0
9.351027,44.991720,-2.234375,39.895594,-58.467654,0.751452,19.794041,16.202416,-20.106129,-16.610496,50.977040,37.268015,21.585858,66.460126,-169.160385,-41.795369,-27.895382,61.291291,-52.443868,-17.531611,53.642452,5.886809,-11.904170,31.291329,16.307296,-6.558843,26.497564,2.825012,-29.669857,-10.370253,5.946476,-12.586841,-10.245962,-5.427710,-9.274790,9.693528,-8.425117,8.886398,9.027816,5.205710,-33.247271,1.990684,4.723888,-17.201282,2.806926,-0.949165,-33.932520,-2.852591,0.209584,-11.713816,-3.043301,2.546592,-12.192985,-2.217640,2.887396,-2.887199,-1.972620,5.248539,-32.772758,-4.039593,6.474360,-21.515876,-3.181782,-0.311938,-33.394699,-1.415911,0.245760,-10.850498,-1.381551,-0.902462,-10.083468,-5.915965,0.193746,1.511384,-4.849188,8.124810,-24.195637,-9.527835,6.783332,-20.458604,-8.424353,-2.154904,-34.981723,-4.073512,-0.406102,-10.786951,-4.073734,-3.559871,-17.088845,-0.807255,-3.406514,-4.769726,-0.616261,15.315442,-5.567049,-24.893159,15.315437,-5.567046,-24.893154,1.942153,-9.981260,9.935384,-2.972745,-17.995367,11.095446,0.408168,-38.984149,-8.142803,3.157673,-17.825479,-6.503855,-5.519300,-14.545827,0.838716,-5.636316,-0.086162,0.088023,0
9.506312,44.517590,-2.134556,39.741460,-54.320793,-2.039795,18.050941,11.906577,-15.982838,-16.592445,50.919689,37.360502,21.480970,67.541076,-168.419844,-41.778635,-27.906612,61.298762,-52.441419,-17.535153,53.645244,5.856734,-11.922842,31.299668,16.277042,-6.574248,26.497312,2.825109,-29.669345,-10.370276,5.956371,-12.531763,-10.244044,-5.423771,-9.297999,9.693761,-8.425078,8.886242,9.027841,5.236870,-33.204101,1.974300,4.751017,-18.149689,2.763082,-0.951187,-33.973175,-2.851838,0.212974,-11.650028,-3.043187,2.544171,-12.255168,-2.219079,2.889773,-2.817661,-1.970587,5.266482,-32.757833,-4.048054,6.392624,-21.823292,-3.192363,-0.312185,-33.404523,-1.415872,0.276361,-9.577189,-1.373092,-0.903678,-10.095167,-5.916930,0.216275,1.777635,-4.822206,8.129777,-24.221704,-9.534736,6.706249,-20.613470,-8.424521,-2.157637,-35.020002,-4.072927,-0.322661,-9.612560,-4.054960,-3.560040,-17.100774,-0.807417,-3.406194,-4.740197,-0.615767,15.315448,-5.567044,-24.893157,15.315446,-5.567039,-24.893155,1.922039,-10.004825,9.937537,-3.018573,-18.042854,11.111865,0.399943,-39.041609,-8.145821,3.229681,-17.189696,-6.439636,-5.518915,-14.572616,0.840081,-5.636307,-0.095422,0.088518,0
9.272663,44.474311,-1.875091,4.770096,-0.394313,-1.788203,36.574591,5.496858,-37.106833,-16.808984,50.991676,37.345671,20.972245,68.867411,-168.282666,-41.764672,-27.916868,61.305596,-52.442207,-17.533770,53.644160,5.821321,-11.944605,31.306873,16.235004,-6.596307,26.494924,2.827276,-29.657532,-10.370505,5.960709,-12.507619,-10.243210,-5.423929,-9.297103,9.693774,-8.422884,8.872291,9.028699,5.261857,-33.180701,1.960739,4.726646,-18.192655,2.768002,-0.952811,-34.005835,-2.851220,0.216286,-11.588031,-3.043089,2.541764,-12.317436,-2.220533,2.891645,-2.763061,-1.968984,5.283793,-32.746953,-4.056654,6.111483,-21.847453,-3.097953,-0.312062,-33.399802,-1.415893,0.292647,-8.895851,-1.368290,-0.904293,-10.101122,-5.917418,0.221013,1.833628,-4.816513,8.136460,-24.237938,-9.540383,6.639313,-20.645739,-8.408792,-2.159819,-35.050701,-4.072460,-0.266562,-8.819943,-4.041329,-3.560155,-17.109568,-0.807543,-3.405894,-4.711633,-0.615280,15.315443,-5.567042,-24.893158,15.315444,-5.567041,-24.893168,1.914988,-10.001385,9.938905,-3.059473,-18.009722,11.121860,0.390250,-39.109365,-8.149375,3.350833,-16.105170,-6.328250,-5.518418,-14.606248,0.841770,-5.636295,-0.101078,0.088809,0
8.892673,44.557667,-1.674408,0.344873,4.070894,-1.873281,52.724224,-7.419177,-29.536214,-16.886365,51.110791,37.224886,20.319593,69.603014,-168.487560,-41.742705,-27.932347,61.315905,-52.435285,-17.543711,53.652000,5.784559,-11.967332,31.317591,16.203941,-6.611475,26.496882,2.829798,-29.643765,-10.370786,5.963544,-12.491868,-10.242665,-5.425053,-9.290476,9.693710,-8.421413,8.862905,9.029298,5.275196,-33.175527,1.953217,4.698713,-18.236154,2.773927,-0.953848,-34.026592,-2.850840,0.219950,-11.518773,-3.042963,2.539785,-12.368744,-2.221713,2.893272,-2.715924,-1.967606,5.297670,-32.726785,-4.062083,5.743790,-21.849209,-2.970567,-0.311689,-33.384636,-1.415941,0.299268,-8.619575,-1.366291,-0.904255,-10.100776,-5.917387,0.225904,1.892067,-4.810568,8.147294,-24.223233,-9.541543,6.576884,-20.641472,-8.388830,-2.161851,-35.079525,-4.072024,-0.238533,-8.422931,-4.034207,-3.560240,-17.114148,-0.807594,-3.405462,-4.671822,-0.614621,15.315441,-5.567041,-24.893158,15.315444,-5.567043,-24.893157,1.903493,-9.961768,9.942931,-3.105286,-17.888251,11.127675,0.347542,-39.407197,-8.164859,3.482657,-14.902301,-6.202079,-5.517834,-14.645904,0.843780,-5.636302,-0.101599,0.088835,0
8.600830,44.626211,-1.529741,2.526247,3.426266,-3.089391,43.788280,-6.264738,-23.542911,-16.989648,51.284134,37.040181,19.834005,70.303320,-168.678859,-41.717929,-27.949281,61.327160,-52.425328,-17.556677,53.662274,5.744591,-11.992165,31.329744,16.170183,-6.627810,26.500332,2.832798,-29.627224,-10.371117,5.967012,-12.472514,-10.242000,-5.426644,-9.281075,9.693604,-8.419887,8.853260,9.029909,5.289068,-33.176411,1.945136,4.669087,-18.291450,2.779903,-0.954948,-34.048869,-2.850426,0.228698,-11.354237,-3.042653,2.537750,-12.420607,-2.222915,2.894930,-2.667482,-1.966177,5.313022,-32.706133,-4.068278,5.437084,-21.860161,-2.865193,-0.311294,-33.368652,-1.415993,0.303781,-8.430269,-1.364901,-0.904137,-10.099597,-5.917290,0.231022,1.952941,-4.804376,8.160626,-24.203928,-9.542724,6.512607,-20.638814,-8.368544,-2.164001,-35.109408,-4.071564,-0.219984,-8.159863,-4.029382,-3.560287,-17.118675,-0.807664,-3.405033,-4.630580,-0.613921,15.315450,-5.567040,-24.893156,15.315436,-5.567037,-24.893161,1.893620,-9.913167,9.947132,-3.455771,-16.223126,11.120076,0.280203,-39.875779,-8.188769,3.576671,-14.028867,-6.108768,-5.517205,-14.688946,0.845961,-5.636295,-0.101970,0.088864,0
8.387117,44.676085,-1.430881,5.707601,1.810287,-4.590624,35.639737,-5.174991,-18.436794,-17.096193,51.480637,36.820961,19.466914,70.976041,-168.859253,-41.690301,-27.968029,61.339613,-52.412743,-17.574168,53.676082,5.701685,-12.018742,31.343191,16.134816,-6.644955,26.505170,2.836319,-29.608030,-10.371479,5.971125,-12.449680,-10.241185,-5.428697,-9.268998,9.693484,-8.418348,8.843393,9.030511,5.303417,-33.183215,1.936526,4.637886,-18.358152,2.785961,-0.956127,-34.072561,-2.849988,0.246588,-11.017758,-3.041933,2.535734,-12.472986,-2.224127,2.896629,-2.617857,-1.964725,5.329752,-32.685047,-4.075209,5.216166,-21.881069,-2.790476,-0.310868,-33.351930,-1.416061,0.311175,-8.118868,-1.362580,-0.903935,-10.097698,-5.917141,0.236342,2.016115,-4.797941,8.176349,-24.180190,-9.543924,6.446614,-20.637747,-8.347949,-2.166186,-35.140287,-4.071080,-0.199222,-7.864666,-4.023867,-3.560356,-17.123168,-0.807727,-3.404568,-4.587963,-0.613210,15.315445,-5.567039,-24.893160,15.315438,-5.567042,-24.893155,1.885359,-9.855906,9.951498,-3.752530,-14.838290,11.106755,0.211802,-40.350479,-8.212421,3.643082,-13.403632,-6.041107,-5.516523,-14.735259,0.848300,-5.636294,-0.102187,0.088872,0
8.240442,44.702503,-1.368296,10.345189,-0.856635,-6.653533,30.388050,-4.466639,-15.205631,-17.191713,51.676061,36.593285,19.182943,71.630260,-169.031877,-41.659859,-27.989411,61.353823,-52.396897,-17.595530,53.692968,5.656445,-12.046764,31.357843,16.097177,-6.662563,26.511408,2.840295,-29.586206,-10.371912,5.975851,-12.423410,-10.240267,-5.431182,-9.254316,9.693323,-8.416761,8.833274,9.031140,5.318264,-33.195786,1.927390,4.605152,-18.436030,2.792125,-0.957386,-34.097684,-2.849509,0.266874,-10.635517,-3.040990,2.533675,-12.525906,-2.225357,2.898379,-2.567016,-1.963229,5.347896,-32.663509,-4.082862,5.056749,-21.910258,-2.737824,-0.310454,-33.334465,-1.416105,0.322680,-7.635271,-1.358900,-0.903661,-10.094979,-5.916916,0.241834,2.081588,-4.791267,8.194435,-24.152099,-9.545126,6.362957,-20.635823,-8.321750,-2.168462,-35.172169,-4.070588,-0.171023,-7.463507,-4.016200,-3.560406,-17.127628,-0.807812,-3.404100,-4.543985,-0.612467,15.315444,-5.567042,-24.893155,15.315446,-5.567044,-24.893153,1.878657,-9.790128,9.956058,-3.936987,-14.033266,11.098080,0.152949,-40.757749,-8.232288,3.695736,-12.902877,-5.986392,-5.515797,-14.784783,0.850814,-5.636296,-0.102269,0.088870,0
8.244631,44.686109,-1.319146,4.270637,-3.692002,7.029158,3.675488,-1.362640,0.045732,-17.367143,52.165453,36.156075,18.893358,71.775361,-169.282711,-41.656310,-27.991360,61.355109,-52.398314,-17.593802,53.691596,5.631693,-12.062028,31.360469,16.078761,-6.672366,26.509858,2.842786,-29.572655,-10.372180,5.980914,-12.395241,-10.239283,-5.432163,-9.248635,9.693258,-8.416687,8.832870,9.031166,5.322145,-33.181386,1.925732,4.581696,-18.489217,2.796690,-0.958523,-34.120711,-2.849089,0.288251,-10.233330,-3.039855,2.531739,-12.575866,-2.226514,2.900158,-2.515029,-1.961701,5.368169,-32.601188,-4.086484,4.999033,-21.920565,-2.718685,-0.310372,-33.331406,-1.416126,0.323933,-7.581663,-1.358476,-0.904253,-10.100900,-5.917405,0.246927,2.142305,-4.785078,8.227848,-24.065920,-9.540613,6.259633,-20.615877,-8.286818,-2.172055,-35.222638,-4.069786,-0.167350,-7.411362,-4.015195,-3.560510,-17.134679,-0.807900,-3.403619,-4.498789,-0.611700,15.315445,-5.567038,-24.893161,15.315435,-5.567042,-24.893158,1.781618,-9.135860,10.005890,-4.082100,-13.395378,11.088906,0.110363,-41.051854,-8.246370,3.707912,-12.786262,-5.973584,-5.515062,-14.835177,0.853359,-5.636296,-0.093056,0.088387,0
8.260176,44.680895,-1.312214,2.115969,-0.339534,5.007674,0.040975,0.356441,4.082360,-17.443748,52.968727,35.682452,18.718321,71.695523,-169.433222,-41.669836,-27.982614,61.349317,-52.391472,-17.603221,53.699034,5.637057,-12.058650,31.354463,16.072613,-6.674645,26.513001,2.843088,-29.570972,-10.372230,5.986807,-12.362401,-10.238132,-5.430273,-9.259726,9.693395,-8.416569,8.832073,9.031229,5.324834,-33.149139,1.925543,4.558218,-18.550926,2.801017,-0.958979,-34.129672,-2.848907,0.301758,-9.979107,-3.039066,2.529814,-12.625410,-2.227651,2.902010,-2.460436,-1.960081,5.388388,-32.525594,-4.088297,4.945039,-21.920513,-2.699813,-0.310208,-33.324644,-1.416141,0.324980,-7.537811,-1.358141,-0.905199,-10.109866,-5.918144,0.251998,2.202988,-4.778878,8.393875,-23.170872,-9.425521,6.168284,-20.587954,-8.254495,-2.175745,-35.274844,-4.068992,-0.165121,-7.379526,-4.014575,-3.560644,-17.143518,-0.808006,-3.403152,-4.454360,-0.610958,15.315438,-5.567036,-24.893162,15.315437,-5.567041,-24.893156,1.593336,-7.969973,10.094316,-4.163820,-13.106521,11.087395,0.096727,-41.145939,-8.250834,3.712530,-12.742099,-5.968734,-5.514324,-14.884494,0.855864,-5.636310,-0.082326,0.087822,0
8.282627,44.661653,-1.310825,4.466168,-2.312604,6.030644,1.341986,0.364941,5.837391,-17.491502,53.728376,35.231782,18.571249,71.658514,-169.570749,-41.686905,-27.970545,61.341290,-52.383067,-17.614676,53.708087,5.647138,-12.051952,31.346757,16.069104,-6.675339,26.517044,2.843197,-29.570413,-10.372240,5.993284,-12.326263,-10.236854,-5.428059,-9.272848,9.693520,-8.416555,8.832054,9.031220,5.326499,-33.114910,1.926023,4.534639,-18.618993,2.805211,-0.959332,-34.136949,-2.848783,0.311975,-9.786407,-3.038416,2.527881,-12.674972,-2.228779,2.903935,-2.404438,-1.958433,5.416525,-32.348221,-4.081389,4.890003,-21.919457,-2.680471,-0.310055,-33.318205,-1.416158,0.326121,-7.489516,-1.357769,-0.906207,-10.119752,-5.918949,0.257144,2.264729,-4.772560,8.620188,-21.901026,-9.255370,6.079632,-20.558460,-8.222860,-2.179676,-35.329970,-4.068117,-0.162765,-7.345883,-4.013919,-3.560759,-17.152871,-0.808161,-3.402669,-4.409006,-0.610188,15.315445,-5.567039,-24.893160,15.315445,-5.567043,-24.893157,1.440803,-6.994121,10.164916,-4.226778,-12.919484,11.088125,0.085148,-41.225871,-8.254588,3.717818,-12.691297,-5.963135,-5.513564,-14.935862,0.858437,-5.636327,-0.070278,0.087190,0
8.313608,44.624853,-1.308763,7.288545,-4.860267,6.752571,3.000959,0.232620,6.467158,-17.512928,54.401831,34.830156,18.427936,71.649374,-169.714850,-41.708027,-27.955622,61.331366,-52.373549,-17.627931,53.718539,5.662358,-12.042418,31.337265,16.068310,-6.674880,26.521959,2.843092,-29.570947,-10.372224,6.000348,-12.286956,-10.235459,-5.425486,-9.287916,9.693670,-8.416666,8.832783,9.031182,5.327182,-33.078766,1.927154,4.511164,-18.696958,2.809108,-0.959616,-34.142591,-2.848670,0.322417,-9.589683,-3.037731,2.525962,-12.724523,-2.229914,2.905883,-2.347126,-1.956736,5.473183,-31.775398,-4.039212,4.833937,-21.917423,-2.660688,-0.309895,-33.312132,-1.416194,0.327373,-7.436906,-1.357354,-0.907334,-10.130496,-5.919829,0.262398,2.327479,-4.766145,8.803795,-20.885892,-9.117162,5.985997,-20.526289,-8.189389,-2.183805,-35.387883,-4.067205,-0.160265,-7.310483,-4.013222,-3.560900,-17.162788,-0.808290,-3.402166,-4.362786,-0.609418,15.315430,-5.567038,-24.893157,15.315440,-5.567038,-24.893157,1.337767,-6.280676,10.214180,-4.301576,-12.677591,11.087348,0.060022,-41.398889,-8.262693,3.723792,-12.634016,-5.956825,-5.512763,-14.989252,0.861137,-5.636364,-0.056956,0.086489,0
8.356424,44.567817,-1.302284,10.680082,-8.008009,7.373295,4.633247,0.047141,6.458262,-17.514753,54.993766,34.475615,18.281736,71.665198,-169.871457,-41.732756,-27.938894,61.320250,-52.362274,-17.642901,53.730375,5.683061,-12.029506,31.325916,16.069773,-6.672784,26.527753,2.842817,-29.572556,-10.372197,6.007965,-12.244537,-10.233956,-5.422599,-9.304932,9.693843,-8.416905,8.834243,9.031085,5.326915,-33.040755,1.928924,4.499181,-19.018347,2.801706,-0.959819,-34.146693,-2.848597,0.334741,-9.357574,-3.036872,2.524036,-12.774024,-2.231057,2.907890,-2.288514,-1.955001,5.531804,-31.178748,-3.994493,4.776878,-21.914428,-2.640462,-0.309758,-33.306381,-1.416195,0.328728,-7.380089,-1.356917,-0.908547,-10.142119,-5.920788,0.267697,2.391203,-4.759613,8.942869,-20.148857,-9.016724,5.887307,-20.491513,-8.154081,-2.188101,-35.448536,-4.066254,-0.157682,-7.273386,-4.012499,-3.561052,-17.173199,-0.808437,-3.401675,-4.315687,-0.608621,15.315460,-5.567038,-24.893161,15.315450,-5.567045,-24.893160,1.268392,-5.738616,10.250093,-4.399930,-12.320812,11.083146,0.020647,-41.669834,-8.275232,3.730406,-12.570446,-5.949823,-5.511943,-15.044577,0.863933,-5.636377,-0.042380,0.085728,0
8.411652,44.529283,-1.342916,17.950906,-1.855243,5.712220,9.823141,3.815749,11.691981,-17.287338,56.675715,33.332474,18.065385,71.550543,-169.927964,-41.794995,-27.895621,61.291452,-52.350696,-17.658629,53.742791,5.729511,-12.000370,31.297695,16.078903,-6.666892,26.534167,2.842587,-29.573755,-10.372162,6.018967,-12.183250,-10.231772,-5.415609,-9.345946,9.694250,-8.416874,8.834053,9.031099,5.324479,-32.990790,1.932451,4.550517,-20.775475,2.727932,-0.959512,-34.140406,-2.848711,0.338089,-9.294494,-3.036626,2.522430,-12.815142,-2.231998,2.909729,-2.234050,-1.953387,5.632614,-30.016673,-3.898841,4.720949,-21.909665,-2.620468,-0.309167,-33.282589,-1.416289,0.329760,-7.336088,-1.356572,-0.908176,-10.138634,-5.920499,0.272889,2.453585,-4.753220,9.168526,-18.863581,-8.832955,5.829378,-20.455247,-8.131241,-2.191048,-35.489872,-4.065584,-0.156259,-7.253277,-4.012103,-3.560928,-17.164512,-0.808315,-3.401210,-4.272545,-0.607899,15.315441,-5.567048,-24.893153,15.315446,-5.567046,-24.893157,1.104643,-4.680954,10.321092,-4.440312,-12.260201,11.086787,0.012970,-41.722600,-8.277648,3.734718,-12.529156,-5.945272,-5.511443,-15.077183,0.865570,-5.636401,-0.031057,0.085117,0
8.470823,44.474827,-1.382881,18.848569,-4.049465,4.888598,10.852139,3.309812,10.289495,-17.046534,58.172734,32.319955,17.832136,71.447015,-169.994859,-41.864054,-27.847310,61.259256,-52.337656,-17.676218,53.756682,5.782624,-11.967034,31.266303,16.090783,-6.659047,26.541272,2.842231,-29.575750,-10.372120,6.030760,-12.117541,-10.229397,-5.407938,-9.391089,9.694681,-8.416893,8.834203,9.031090,5.321047,-32.938118,1.936643,4.577840,-22.076300,2.676212,-0.959078,-34.131710,-2.848867,0.341603,-9.228206,-3.036363,2.520871,-12.855248,-2.232916,2.911613,-2.179170,-1.951765,5.713677,-29.139504,-3.828063,4.664472,-21.903978,-2.600212,-0.308524,-33.257036,-1.416371,0.330853,-7.290394,-1.356213,-0.907717,-10.134088,-5.920125,0.278106,2.516458,-4.746773,9.355646,-17.816191,-8.680679,5.771371,-20.416719,-8.108140,-2.193954,-35.531047,-4.064937,-0.154909,-7.233840,-4.011722,-3.560786,-17.154073,-0.808170,-3.400745,-4.229272,-0.607166,15.315437,-5.567039,-24.893163,15.315442,-5.567042,-24.893156,0.963433,-3.740130,10.381840,-4.481217,-12.200759,11.090522,0.004991,-41.777412,-8.280161,3.739215,-12.485632,-5.940459,-5.510963,-15.108665,0.867170,-5.636409,-0.019156,0.084492,0
8.507179,44.536583,-1.360351,10.569761,6.046159,4.516949,5.497756,-2.569472,1.373711,-17.206951,58.583274,32.702205,17.482891,71.159654,-170.064048,-42.104444,-27.678776,61.146600,-52.325815,-17.692760,53.769722,5.805213,-11.950533,31.163383,16.114761,-6.645458,26.548535,2.839292,-29.591741,-10.371813,6.084173,-11.819729,-10.218544,-5.399925,-9.438225,9.695135,-8.418269,8.842930,9.030543,5.330157,-32.896631,1.933179,4.560151,-22.438080,2.670687,-0.958713,-34.124316,-2.849007,0.345082,-9.162756,-3.036109,2.519644,-12.886741,-2.233632,2.913363,-2.127618,-1.950230,5.745363,-29.096308,-3.838240,4.611963,-21.884376,-2.580080,-0.308124,-33.240567,-1.416434,0.331680,-7.255086,-1.355934,-0.906148,-10.119135,-5.918894,0.283087,2.576327,-4.740628,9.395950,-17.737090,-8.675545,5.717669,-20.379446,-8.086609,-2.197153,-35.575921,-4.064213,-0.154633,-7.230025,-4.011651,-3.560468,-17.132524,-0.807890,-3.400367,-4.192916,-0.606548,15.315447,-5.567042,-24.893154,15.315443,-5.567043,-24.893153,0.931187,-3.396198,10.402549,-4.512407,-12.153492,11.093187,-0.005882,-41.852136,-8.283576,3.741740,-12.461394,-5.937788,-5.510629,-15.130917,0.868284,-5.636433,-0.007677,0.083892,0
8.646683,44.588503,-1.393992,16.727197,7.117436,-3.460525,-1.900583,0.184646,1.031472,-17.187522,58.815768,32.934747,17.063595,70.884383,-170.015925,-42.212716,-27.602267,61.095284,-52.316245,-17.705559,53.779826,5.821743,-11.939341,31.116710,16.148245,-6.626750,26.554923,2.837113,-29.603747,-10.371574,6.267001,-10.797649,-10.179156,-5.393693,-9.474856,9.695489,-8.420732,8.858557,9.029575,5.337308,-32.857069,1.930759,4.540383,-22.492798,2.675900,-0.958561,-34.121373,-2.849064,0.347759,-9.112330,-3.035905,2.518456,-12.917158,-2.234324,2.914923,-2.081350,-1.948852,5.775753,-29.064020,-3.849132,4.560666,-21.884024,-2.562141,-0.307778,-33.226505,-1.416470,0.332206,-7.232818,-1.355760,-0.904286,-10.101108,-5.917413,0.287666,2.631655,-4.734942,9.429839,-17.709824,-8.678710,5.656819,-20.371249,-8.066832,-2.200865,-35.628215,-4.063382,-0.154936,-7.234440,-4.011733,-3.560184,-17.111834,-0.807580,-3.400028,-4.160218,-0.605998,15.315453,-5.567040,-24.893157,15.315443,-5.567041,-24.893157,0.925744,-3.167002,10.415545,-4.541065,-12.164810,11.099252,-0.083010,-42.381142,-8.307266,3.742534,-12.453661,-5.936930,-5.510303,-15.151900,0.869359,-5.636449,0.002369,0.083367,0
8.796331,44.627041,-1.428980,19.997861,5.748325,-4.049162,-1.673700,0.167456,1.017685,-17.160419,59.057343,33.117292,16.656592,70.637505,-169.970400,-42.314881,-27.529420,61.046318,-52.306760,-17.718433,53.789985,5.839397,-11.927559,31.072585,16.186385,-6.606016,26.561692,2.834681,-29.617015,-10.371302,6.425578,-9.907405,-10.142159,-5.387240,-9.512823,9.695829,-8.423537,8.876340,9.028449,5.344719,-32.817078,1.928222,4.522267,-22.556303,2.680303,-0.958377,-34.117624,-2.849139,0.350418,-9.062180,-3.035697,2.517348,-12.945844,-2.234985,2.916469,-2.035983,-1.947507,5.807546,-29.028213,-3.860219,4.509614,-21.884692,-2.544377,-0.307438,-33.212498,-1.416509,0.332675,-7.212456,-1.355597,-0.902190,-10.080860,-5.915755,0.292203,2.686287,-4.729320,9.466190,-17.674564,-8.680912,5.595240,-20.366176,-8.047248,-2.204666,-35.681909,-4.062509,-0.155480,-7.242121,-4.011890,-3.559873,-17.088979,-0.807267,-3.399692,-4.128698,-0.605462,15.315445,-5.567039,-24.893160,15.315441,-5.567043,-24.893161,0.905320,-2.842734,10.434698,-4.569640,-12.182666,11.105739,-0.168570,-42.966283,-8.332646,3.743040,-12.448880,-5.936396,-5.510025,-15.170986,0.870311,-5.636468,0.012523,0.082827,0
8.946539,44.651088,-1.463437,19.749432,3.496120,-3.929331,-1.265441,0.131756,0.891438,-17.125572,59.323255,33.274975,16.280647,70.426902,-169.929521,-42.457867,-27.426871,60.977226,-52.296792,-17.731745,53.800495,5.854147,-11.917077,31.011089,16.228927,-6.582725,26.568828,2.832018,-29.631554,-10.371025,6.534854,-9.291735,-10.115138,-5.380548,-9.552132,9.696214,-8.426660,8.896256,9.027210,5.352408,-32.776645,1.925572,4.505766,-22.628414,2.683925,-0.958139,-34.113099,-2.849224,0.353057,-9.012268,-3.035496,2.516288,-12.972836,-2.235593,2.917985,-1.991425,-1.946179,5.840752,-28.988959,-3.871508,4.458753,-21.886364,-2.526760,-0.307095,-33.198548,-1.416557,0.333126,-7.193947,-1.355453,-0.899863,-10.058462,-5.913907,0.296651,2.740275,-4.723766,9.504965,-17.631497,-8.682136,5.532933,-20.364152,-8.027832,-2.208588,-35.736969,-4.061621,-0.156230,-7.252983,-4.012107,-3.559513,-17.064043,-0.806906,-3.399376,-4.098304,-0.604946,15.315450,-5.567049,-24.893160,15.315445,-5.567046,-24.893160,0.856198,-2.349594,10.464661,-4.598144,-12.206908,11.112674,-0.235475,-43.422371,-8.351819,3.743242,-12.446981,-5.936195,-5.509753,-15.188244,0.871179,-5.636480,0.022807,0.082288,0
